-- MySQL dump 10.13  Distrib 5.7.15, for Linux (x86_64)
--
-- Host: localhost    Database: nixposbase
-- ------------------------------------------------------
-- Server version	5.7.13-0ubuntu0.16.04.2

/*!40101 SET @OLD_CHARACTER_SET_CLIENT=@@CHARACTER_SET_CLIENT */;
/*!40101 SET @OLD_CHARACTER_SET_RESULTS=@@CHARACTER_SET_RESULTS */;
/*!40101 SET @OLD_COLLATION_CONNECTION=@@COLLATION_CONNECTION */;
/*!40101 SET NAMES utf8 */;
/*!40103 SET @OLD_TIME_ZONE=@@TIME_ZONE */;
/*!40103 SET TIME_ZONE='+00:00' */;
/*!40014 SET @OLD_UNIQUE_CHECKS=@@UNIQUE_CHECKS, UNIQUE_CHECKS=0 */;
/*!40014 SET @OLD_FOREIGN_KEY_CHECKS=@@FOREIGN_KEY_CHECKS, FOREIGN_KEY_CHECKS=0 */;
/*!40101 SET @OLD_SQL_MODE=@@SQL_MODE, SQL_MODE='NO_AUTO_VALUE_ON_ZERO' */;
/*!40111 SET @OLD_SQL_NOTES=@@SQL_NOTES, SQL_NOTES=0 */;

--
-- Table structure for table `bills`
--

DROP TABLE IF EXISTS `bills`;
/*!40101 SET @saved_cs_client     = @@character_set_client */;
/*!40101 SET character_set_client = utf8 */;
CREATE TABLE `bills` (
  `id` int(10) unsigned NOT NULL AUTO_INCREMENT,
  `bill_number` varchar(255) COLLATE utf8_unicode_ci DEFAULT NULL,
  `bill_date` date DEFAULT NULL,
  `bill_location` varchar(255) COLLATE utf8_unicode_ci DEFAULT NULL,
  `bill_start_time` datetime DEFAULT NULL,
  `bill_end_time` datetime DEFAULT NULL,
  `user_id` int(11) DEFAULT NULL,
  `bill_amount` decimal(8,2) DEFAULT NULL,
  `deleted_at` timestamp NULL DEFAULT NULL,
  `created_at` timestamp NULL DEFAULT NULL,
  `updated_at` timestamp NULL DEFAULT NULL,
  `payment_details` text COLLATE utf8_unicode_ci,
  `bill_states` text COLLATE utf8_unicode_ci,
  PRIMARY KEY (`id`)
) ENGINE=InnoDB AUTO_INCREMENT=50 DEFAULT CHARSET=utf8 COLLATE=utf8_unicode_ci;
/*!40101 SET character_set_client = @saved_cs_client */;

--
-- Dumping data for table `bills`
--

LOCK TABLES `bills` WRITE;
/*!40000 ALTER TABLE `bills` DISABLE KEYS */;
INSERT INTO `bills` VALUES (1,'1','2016-08-10','hyderabad','2016-08-09 19:01:12','2016-08-09 19:01:41',NULL,1980.00,NULL,'2016-08-09 19:01:41','2016-08-09 19:01:41',NULL,NULL),(2,'2','2016-08-20','hyderabad','2016-08-20 14:27:08','2016-08-20 14:27:22',NULL,200.00,NULL,'2016-08-20 08:57:21','2016-08-20 08:57:21',NULL,NULL),(3,'3','2016-08-20','hyderabad','2016-08-20 14:27:27','2016-08-20 14:27:37',NULL,300.00,NULL,'2016-08-20 08:57:37','2016-08-20 08:57:37',NULL,NULL),(4,'4','2016-08-21','hyderabad','2016-08-20 18:32:06','2016-08-20 18:33:24',NULL,800.00,NULL,'2016-08-20 13:03:24','2016-08-20 13:03:24',NULL,NULL),(5,'5','2016-08-21','hyderabad','2016-08-20 19:25:30','2016-08-20 19:26:58',NULL,900.00,NULL,'2016-08-20 13:56:58','2016-08-20 13:56:58',NULL,NULL),(6,'6','2016-08-21','hyderabad','2016-08-20 20:14:31','2016-08-20 20:14:51',NULL,200.00,NULL,'2016-08-20 14:44:50','2016-08-20 14:44:50',NULL,NULL),(7,'7','2016-08-21','hyderabad','2016-08-20 20:21:03','2016-08-20 20:21:29',NULL,500.00,NULL,'2016-08-20 14:51:28','2016-08-20 14:51:28',NULL,NULL),(8,'8','2016-08-21','hyderabad','2016-08-20 21:08:13','2016-08-20 21:09:05',NULL,500.00,NULL,'2016-08-20 15:39:05','2016-08-20 15:39:05',NULL,NULL),(9,'9','2016-08-21','hyderabad','2016-08-20 21:09:08','2016-08-20 21:09:36',NULL,700.00,NULL,'2016-08-20 15:39:36','2016-08-20 15:39:36',NULL,NULL),(10,'10','2016-08-21','hyderabad','2016-08-20 21:09:44','2016-08-20 21:15:57',NULL,700.00,NULL,'2016-08-20 15:45:56','2016-08-20 15:45:56',NULL,NULL),(12,'11','2016-08-21','hyderabad','2016-08-20 21:36:37','2016-08-20 21:36:53',NULL,200.00,NULL,'2016-08-20 16:06:52','2016-08-20 16:06:52','{\"settledAmount\":200,\"billAmount\":200,\"paymentDetails\":[{\"payid\":\"na5j9\",\"amount\":100,\"type\":\"cash\",\"opts\":null},{\"payid\":\"wo733\",\"amount\":100,\"type\":\"credit\",\"opts\":{\"CC Number\":\"1234\"}}],\"toBeSettledAmount\":0,\"status\":true,\"numberPayment\":0,\"discount\":0,\"PAYMENT_TYPES\":[\"cash\",\"credit\"]}',NULL),(13,'12','2016-08-21','hyderabad','2016-08-20 22:12:48','2016-08-20 22:12:59',NULL,100.00,NULL,'2016-08-20 16:42:59','2016-08-20 16:42:59','{\"settledAmount\":100,\"billAmount\":100,\"paymentDetails\":[{\"payid\":\"cy2c1\",\"amount\":100,\"type\":\"credit\",\"opts\":{\"CC Number\":\"3214\"}}],\"toBeSettledAmount\":0,\"status\":true,\"numberPayment\":0,\"discount\":0,\"PAYMENT_TYPES\":[\"cash\",\"credit\"]}',NULL),(14,'13','2016-08-22','hyderabad','2016-08-22 08:04:12','2016-08-22 08:04:44',NULL,600.00,NULL,'2016-08-22 02:34:43','2016-08-22 02:34:43','{\"settledAmount\":600,\"billAmount\":600,\"paymentDetails\":[{\"payid\":\"jf7dm\",\"amount\":200,\"type\":\"cash\",\"opts\":null},{\"payid\":\"n4wl5\",\"amount\":400,\"type\":\"credit\",\"opts\":{\"CC Number\":\"1234\"}}],\"toBeSettledAmount\":0,\"status\":true,\"numberPayment\":0,\"discount\":0,\"PAYMENT_TYPES\":[\"cash\",\"credit\"]}',NULL),(15,'14','2016-08-22','hyderabad','2016-08-22 08:24:32','2016-08-22 08:24:53',NULL,700.00,NULL,'2016-08-22 02:54:52','2016-08-22 02:54:52','{\"settledAmount\":700,\"billAmount\":700,\"paymentDetails\":[{\"payid\":\"56kfq\",\"amount\":700,\"type\":\"cash\",\"opts\":null}],\"toBeSettledAmount\":0,\"status\":true,\"numberPayment\":0,\"discount\":0,\"PAYMENT_TYPES\":[\"cash\",\"credit\"]}',NULL),(16,'15','2016-08-25','hyderabad','2016-08-25 05:31:50','2016-08-25 05:32:58',NULL,1450.00,NULL,'2016-08-25 00:02:57','2016-08-25 00:02:57','{\"settledAmount\":1160,\"billAmount\":1450,\"paymentDetails\":[{\"payid\":\"2k5et\",\"amount\":1100,\"type\":\"cash\",\"opts\":null},{\"payid\":\"jgn18\",\"amount\":60,\"type\":\"credit\",\"opts\":{\"CC Number\":\"3452\"}}],\"toBeSettledAmount\":0,\"status\":true,\"numberPayment\":0,\"discount\":290,\"PAYMENT_TYPES\":[\"cash\",\"credit\"]}',NULL),(17,'1','2016-08-25','hyderabad-banjara-hills','2016-08-25 08:53:07','2016-08-25 08:53:35',NULL,600.00,NULL,'2016-08-25 03:23:35','2016-08-25 03:23:35','{\"settledAmount\":600,\"billAmount\":600,\"paymentDetails\":[{\"payid\":\"ajcmi\",\"amount\":600,\"type\":\"cash\",\"opts\":null}],\"toBeSettledAmount\":0,\"status\":true,\"numberPayment\":0,\"discount\":0,\"PAYMENT_TYPES\":[\"cash\",\"credit\"]}',NULL),(18,'2','2016-08-25','hyderabad-banjara-hills','2016-08-25 09:27:02','2016-08-25 09:27:18',NULL,400.00,NULL,'2016-08-25 03:57:18','2016-08-25 03:57:18','{\"settledAmount\":400,\"billAmount\":400,\"paymentDetails\":[{\"payid\":\"h8esw\",\"amount\":400,\"type\":\"cash\",\"opts\":null}],\"toBeSettledAmount\":0,\"status\":true,\"numberPayment\":0,\"discount\":0,\"PAYMENT_TYPES\":[\"cash\",\"credit\"]}',NULL),(21,'3','2016-08-25','hyderabad-banjara-hills','2016-08-25 09:55:27','2016-08-25 09:58:19',NULL,400.00,NULL,'2016-08-25 04:28:18','2016-08-25 04:28:18','{\"settledAmount\":400,\"billAmount\":400,\"paymentDetails\":[{\"payid\":\"3o4xe\",\"amount\":400,\"type\":\"cash\",\"opts\":null}],\"toBeSettledAmount\":0,\"status\":true,\"numberPayment\":0,\"discount\":0,\"PAYMENT_TYPES\":[\"cash\",\"credit\"]}',NULL),(23,'4','2016-08-25','hyderabad-banjara-hills','2016-08-25 10:10:05','2016-08-25 10:15:21',NULL,300.00,NULL,'2016-08-25 04:45:21','2016-08-25 04:45:21','{\"settledAmount\":300,\"billAmount\":300,\"paymentDetails\":[{\"payid\":\"v4f9u\",\"amount\":300,\"type\":\"cash\",\"opts\":null}],\"toBeSettledAmount\":0,\"status\":true,\"numberPayment\":0,\"discount\":0,\"PAYMENT_TYPES\":[\"cash\",\"credit\"]}',NULL),(24,'5','2016-08-25','hyderabad-banjara-hills','2016-08-25 10:15:27','2016-08-25 10:15:54',NULL,200.00,NULL,'2016-08-25 04:45:53','2016-08-25 04:45:53','{\"settledAmount\":200,\"billAmount\":200,\"paymentDetails\":[{\"payid\":\"910jw\",\"amount\":200,\"type\":\"cash\",\"opts\":null}],\"toBeSettledAmount\":0,\"status\":true,\"numberPayment\":0,\"discount\":0,\"PAYMENT_TYPES\":[\"cash\",\"credit\"]}',NULL),(25,'6','2016-08-25','hyderabad-banjara-hills','2016-08-25 10:15:58','2016-08-25 10:16:45',NULL,100.00,NULL,'2016-08-25 04:46:44','2016-08-25 04:46:44','{\"settledAmount\":100,\"billAmount\":100,\"paymentDetails\":[{\"payid\":\"4o2i7\",\"amount\":100,\"type\":\"cash\",\"opts\":null}],\"toBeSettledAmount\":0,\"status\":true,\"numberPayment\":0,\"discount\":0,\"PAYMENT_TYPES\":[\"cash\",\"credit\"]}',NULL),(26,'7','2016-08-25','hyderabad-banjara-hills','2016-08-25 10:28:24','2016-08-25 10:28:39',NULL,200.00,NULL,'2016-08-25 04:58:39','2016-08-25 04:58:39','{\"settledAmount\":200,\"billAmount\":200,\"paymentDetails\":[{\"payid\":\"p9yex\",\"amount\":200,\"type\":\"cash\",\"opts\":null}],\"toBeSettledAmount\":0,\"status\":true,\"numberPayment\":0,\"discount\":0,\"PAYMENT_TYPES\":[\"cash\",\"credit\"]}',NULL),(27,'8','2016-08-25','hyderabad-banjara-hills','2016-08-25 10:31:00','2016-08-25 10:31:13',NULL,100.00,NULL,'2016-08-25 05:01:12','2016-08-25 05:01:12','{\"settledAmount\":100,\"billAmount\":100,\"paymentDetails\":[{\"payid\":\"so9mm\",\"amount\":100,\"type\":\"cash\",\"opts\":null}],\"toBeSettledAmount\":0,\"status\":true,\"numberPayment\":0,\"discount\":0,\"PAYMENT_TYPES\":[\"cash\",\"credit\"]}',NULL),(28,'9','2016-08-25','hyderabad-banjara-hills','2016-08-25 10:34:24','2016-08-25 10:34:36',4,500.00,NULL,'2016-08-25 05:04:35','2016-08-25 05:04:35','{\"settledAmount\":500,\"billAmount\":500,\"paymentDetails\":[{\"payid\":\"fo8r8\",\"amount\":500,\"type\":\"cash\",\"opts\":null}],\"toBeSettledAmount\":0,\"status\":true,\"numberPayment\":0,\"discount\":0,\"PAYMENT_TYPES\":[\"cash\",\"credit\"]}',NULL),(29,'10','2016-08-25','hyderabad-banjara-hills','2016-08-25 10:38:52','2016-08-25 10:39:02',1,200.00,NULL,'2016-08-25 05:09:01','2016-08-25 05:09:01','{\"settledAmount\":200,\"billAmount\":200,\"paymentDetails\":[{\"payid\":\"akp68\",\"amount\":200,\"type\":\"cash\",\"opts\":null}],\"toBeSettledAmount\":0,\"status\":true,\"numberPayment\":0,\"discount\":0,\"PAYMENT_TYPES\":[\"cash\",\"credit\"]}',NULL),(30,'11','2016-08-25','hyderabad-banjara-hills','2016-08-25 10:56:02','2016-08-25 10:56:11',1,200.00,NULL,'2016-08-25 05:26:11','2016-08-25 05:26:11','{\"settledAmount\":200,\"billAmount\":200,\"paymentDetails\":[{\"payid\":\"86uco\",\"amount\":200,\"type\":\"cash\",\"opts\":null}],\"toBeSettledAmount\":0,\"status\":true,\"numberPayment\":0,\"discount\":0,\"PAYMENT_TYPES\":[\"cash\",\"credit\"]}',NULL),(31,'12','2016-08-31','hyderabad-banjara-hills','2016-08-31 09:15:48','2016-08-31 09:16:03',2,1200.00,NULL,'2016-08-31 03:46:03','2016-08-31 03:46:03','{\"settledAmount\":1200,\"billAmount\":1200,\"paymentDetails\":[{\"payid\":\"q0to9\",\"amount\":1200,\"type\":\"cash\",\"opts\":null}],\"toBeSettledAmount\":0,\"status\":true,\"numberPayment\":0,\"discount\":0,\"PAYMENT_TYPES\":[\"cash\",\"credit\"]}',NULL),(32,'1','2016-08-31','hyderabad-jubilee-hills','2016-08-31 10:48:10','2016-08-31 10:48:27',2,400.00,NULL,'2016-08-31 05:18:27','2016-08-31 05:18:27','{\"settledAmount\":400,\"billAmount\":400,\"paymentDetails\":[{\"payid\":\"1ggby\",\"amount\":400,\"type\":\"credit\",\"opts\":{\"CC Number\":\"1234\"}}],\"toBeSettledAmount\":0,\"status\":true,\"numberPayment\":0,\"discount\":0,\"PAYMENT_TYPES\":[\"cash\",\"credit\"]}',NULL),(33,'2','2016-09-08','hyderabad-jubilee-hills','2016-09-08 15:44:50','2016-09-08 15:49:04',1,300.00,NULL,'2016-09-08 10:19:03','2016-09-08 10:19:03','{\"settledAmount\":300,\"billAmount\":300,\"paymentDetails\":[{\"payid\":\"635ui\",\"amount\":300,\"type\":\"credit\",\"opts\":{\"CC Number\":\"1234\"}}],\"toBeSettledAmount\":0,\"status\":true,\"numberPayment\":0,\"discount\":0,\"PAYMENT_TYPES\":[\"cash\",\"credit\"]}',NULL),(34,'3','2016-09-12','hyderabad-jubilee-hills','2016-09-12 17:58:28','2016-09-12 18:00:33',1,100.00,NULL,'2016-09-12 12:30:32','2016-09-12 12:30:32','{\"settledAmount\":100,\"billAmount\":100,\"paymentDetails\":[{\"payid\":\"5b7iv\",\"amount\":100,\"type\":\"cash\",\"opts\":null}],\"toBeSettledAmount\":0,\"status\":true,\"numberPayment\":0,\"discount\":0,\"PAYMENT_TYPES\":[\"cash\",\"credit\"]}',NULL),(35,'4','2016-09-12','hyderabad-jubilee-hills','2016-09-12 18:08:10','2016-09-12 18:10:41',1,200.00,NULL,'2016-09-12 12:40:40','2016-09-12 12:40:40','{\"settledAmount\":200,\"billAmount\":200,\"paymentDetails\":[{\"payid\":\"dm3io\",\"amount\":200,\"type\":\"cash\",\"opts\":null}],\"toBeSettledAmount\":0,\"status\":true,\"numberPayment\":0,\"discount\":0,\"PAYMENT_TYPES\":[\"cash\",\"credit\"]}',NULL),(36,'5','2016-09-14','hyderabad-jubilee-hills','2016-09-14 11:02:28','2016-09-14 11:03:09',1,500.00,NULL,'2016-09-14 05:33:09','2016-09-14 05:33:09','{\"settledAmount\":500,\"billAmount\":500,\"paymentDetails\":[{\"payid\":\"hpw03\",\"amount\":500,\"type\":\"cash\",\"opts\":null}],\"toBeSettledAmount\":0,\"status\":true,\"numberPayment\":0,\"discount\":0,\"PAYMENT_TYPES\":[\"cash\",\"credit\"]}',NULL),(37,'6','2016-09-14','hyderabad-jubilee-hills','2016-09-14 11:36:42','2016-09-14 11:36:50',1,300.00,NULL,'2016-09-14 06:06:49','2016-09-14 06:06:49','{\"settledAmount\":300,\"billAmount\":300,\"paymentDetails\":[{\"payid\":\"zac0k\",\"amount\":300,\"type\":\"cash\",\"opts\":null}],\"toBeSettledAmount\":0,\"status\":true,\"numberPayment\":0,\"discount\":0,\"PAYMENT_TYPES\":[\"cash\",\"credit\"]}','{\"table\":\"\"}'),(38,'7','2016-09-14','hyderabad-jubilee-hills','2016-09-14 11:36:52','2016-09-14 11:37:29',1,200.00,NULL,'2016-09-14 06:07:29','2016-09-14 06:07:29','{\"settledAmount\":200,\"billAmount\":200,\"paymentDetails\":[{\"payid\":\"stpog\",\"amount\":200,\"type\":\"credit\",\"opts\":{\"CC Number\":\"1234\"}}],\"toBeSettledAmount\":0,\"status\":true,\"numberPayment\":0,\"discount\":0,\"PAYMENT_TYPES\":[\"cash\",\"credit\"]}','{\"table\":\"T1\"}'),(39,'8','2016-09-14','hyderabad-jubilee-hills','2016-09-14 11:39:03','2016-09-14 11:39:40',1,200.00,NULL,'2016-09-14 06:09:40','2016-09-14 06:09:40','{\"settledAmount\":200,\"billAmount\":200,\"paymentDetails\":[{\"payid\":\"jii4r\",\"amount\":200,\"type\":\"cash\",\"opts\":null}],\"toBeSettledAmount\":0,\"status\":true,\"numberPayment\":0,\"discount\":0,\"PAYMENT_TYPES\":[\"cash\",\"credit\"]}','{\"table\":\"t1\"}'),(40,'9','2016-09-14','hyderabad-jubilee-hills','2016-09-14 11:41:05','2016-09-14 11:41:45',1,480.00,NULL,'2016-09-14 06:11:45','2016-09-14 06:11:45','{\"settledAmount\":480,\"billAmount\":480,\"paymentDetails\":[{\"payid\":\"y0f56\",\"amount\":480,\"type\":\"cash\",\"opts\":null}],\"toBeSettledAmount\":0,\"status\":true,\"numberPayment\":0,\"discount\":0,\"PAYMENT_TYPES\":[\"cash\",\"credit\"]}','{\"table\":\"\"}'),(41,'10','2016-09-15','hyderabad-jubilee-hills','2016-09-14 22:01:35','2016-09-14 22:05:53',1,760.00,NULL,'2016-09-14 16:35:52','2016-09-14 16:35:52','{\"settledAmount\":760,\"billAmount\":760,\"paymentDetails\":[{\"payid\":\"npzkv\",\"amount\":760,\"type\":\"cash\",\"opts\":null}],\"toBeSettledAmount\":0,\"status\":true,\"numberPayment\":0,\"discount\":0,\"PAYMENT_TYPES\":[\"cash\",\"credit\"]}','{\"table\":\"\"}'),(42,'11','2016-09-15','hyderabad-jubilee-hills','2016-09-15 17:19:57','2016-09-15 17:20:50',1,560.00,NULL,'2016-09-15 11:50:50','2016-09-15 11:50:50','{\"settledAmount\":560,\"billAmount\":560,\"paymentDetails\":[{\"payid\":\"l49zo\",\"amount\":560,\"type\":\"cash\",\"opts\":null}],\"toBeSettledAmount\":0,\"status\":true,\"numberPayment\":0,\"discount\":0,\"PAYMENT_TYPES\":[\"cash\",\"credit\"]}','{\"table\":\"T3\"}'),(43,'12','2016-09-15','hyderabad-jubilee-hills','2016-09-15 17:35:51','2016-09-15 17:36:09',1,400.00,NULL,'2016-09-15 12:06:09','2016-09-15 12:06:09','{\"settledAmount\":400,\"billAmount\":400,\"paymentDetails\":[{\"payid\":\"dc531\",\"amount\":400,\"type\":\"cash\",\"opts\":null}],\"toBeSettledAmount\":0,\"status\":true,\"numberPayment\":0,\"discount\":0,\"PAYMENT_TYPES\":[\"cash\",\"credit\"]}','{\"table\":\"\"}'),(44,'13','2016-09-16','hyderabad-jubilee-hills','2016-09-16 06:07:54','2016-09-16 06:24:42',1,460.00,NULL,'2016-09-16 00:54:41','2016-09-16 00:54:41','{\"settledAmount\":460,\"billAmount\":460,\"paymentDetails\":[{\"payid\":\"p14kg\",\"amount\":460,\"type\":\"cash\",\"opts\":null}],\"toBeSettledAmount\":0,\"status\":true,\"numberPayment\":0,\"discount\":0,\"PAYMENT_TYPES\":[\"cash\",\"credit\"]}','{\"table\":\"\"}'),(45,'14','2016-09-16','hyderabad-jubilee-hills','2016-09-16 06:27:15','2016-09-16 06:27:45',1,280.00,NULL,'2016-09-16 00:57:44','2016-09-16 00:57:44','{\"settledAmount\":280,\"billAmount\":280,\"paymentDetails\":[{\"payid\":\"g81yp\",\"amount\":280,\"type\":\"cash\",\"opts\":null}],\"toBeSettledAmount\":0,\"status\":true,\"numberPayment\":0,\"discount\":0,\"PAYMENT_TYPES\":[\"cash\",\"credit\"]}','{\"table\":\"\"}'),(46,'15','2016-09-16','hyderabad-jubilee-hills','2016-09-16 07:16:46','2016-09-16 07:17:05',1,100.00,NULL,'2016-09-16 01:47:05','2016-09-16 01:47:05','{\"settledAmount\":100,\"billAmount\":100,\"paymentDetails\":[{\"payid\":\"993m4\",\"amount\":100,\"type\":\"cash\",\"opts\":null}],\"toBeSettledAmount\":0,\"status\":true,\"numberPayment\":0,\"discount\":0,\"PAYMENT_TYPES\":[\"cash\",\"credit\"]}','{\"table\":\"\"}'),(47,'16','2016-09-16','hyderabad-jubilee-hills','2016-09-16 07:17:07','2016-09-16 07:18:42',1,200.00,NULL,'2016-09-16 01:48:42','2016-09-16 01:48:42','{\"settledAmount\":200,\"billAmount\":200,\"paymentDetails\":[{\"payid\":\"73hr4\",\"amount\":200,\"type\":\"cash\",\"opts\":null}],\"toBeSettledAmount\":0,\"status\":true,\"numberPayment\":0,\"discount\":0,\"PAYMENT_TYPES\":[\"cash\",\"credit\"]}','{\"table\":\"\"}'),(48,'17','2016-09-16','hyderabad-jubilee-hills','2016-09-16 07:20:15','2016-09-16 07:21:46',1,100.00,NULL,'2016-09-16 01:51:45','2016-09-16 01:51:45','{\"settledAmount\":100,\"billAmount\":100,\"paymentDetails\":[{\"payid\":\"z7u70\",\"amount\":100,\"type\":\"cash\",\"opts\":null}],\"toBeSettledAmount\":0,\"status\":true,\"numberPayment\":0,\"discount\":0,\"PAYMENT_TYPES\":[\"cash\",\"credit\"]}','{\"table\":\"\"}'),(49,'18','2016-09-16','hyderabad-jubilee-hills','2016-09-16 07:21:48','2016-09-16 07:58:08',1,180.00,NULL,'2016-09-16 02:28:08','2016-09-16 02:28:08','{\"settledAmount\":180,\"billAmount\":180,\"paymentDetails\":[{\"payid\":\"pb5e5\",\"amount\":180,\"type\":\"credit\",\"opts\":{\"CC Number\":\"1234\"}}],\"toBeSettledAmount\":0,\"status\":true,\"numberPayment\":0,\"discount\":0,\"PAYMENT_TYPES\":[\"cash\",\"credit\"]}','{\"table\":\"\"}');
/*!40000 ALTER TABLE `bills` ENABLE KEYS */;
UNLOCK TABLES;

--
-- Table structure for table `location_user`
--

DROP TABLE IF EXISTS `location_user`;
/*!40101 SET @saved_cs_client     = @@character_set_client */;
/*!40101 SET character_set_client = utf8 */;
CREATE TABLE `location_user` (
  `id` int(10) unsigned NOT NULL AUTO_INCREMENT,
  `user_id` int(10) unsigned NOT NULL,
  `location_id` int(10) unsigned NOT NULL,
  `home` tinyint(1) NOT NULL DEFAULT '0',
  `created_at` timestamp NULL DEFAULT NULL,
  `updated_at` timestamp NULL DEFAULT NULL,
  PRIMARY KEY (`id`)
) ENGINE=InnoDB AUTO_INCREMENT=5 DEFAULT CHARSET=utf8 COLLATE=utf8_unicode_ci;
/*!40101 SET character_set_client = @saved_cs_client */;

--
-- Dumping data for table `location_user`
--

LOCK TABLES `location_user` WRITE;
/*!40000 ALTER TABLE `location_user` DISABLE KEYS */;
INSERT INTO `location_user` VALUES (1,1,2,0,'2016-08-31 03:42:14','2016-08-31 03:42:14'),(2,1,1,1,'2016-08-31 03:42:14','2016-08-31 03:42:14'),(3,2,1,1,'2016-08-31 03:42:14','2016-08-31 03:42:14'),(4,3,2,1,'2016-08-31 03:42:15','2016-08-31 03:42:15');
/*!40000 ALTER TABLE `location_user` ENABLE KEYS */;
UNLOCK TABLES;

--
-- Table structure for table `locations`
--

DROP TABLE IF EXISTS `locations`;
/*!40101 SET @saved_cs_client     = @@character_set_client */;
/*!40101 SET character_set_client = utf8 */;
CREATE TABLE `locations` (
  `id` int(10) unsigned NOT NULL AUTO_INCREMENT,
  `location_slug` varchar(255) COLLATE utf8_unicode_ci NOT NULL,
  `location_area` varchar(255) COLLATE utf8_unicode_ci NOT NULL,
  `location_city` varchar(255) COLLATE utf8_unicode_ci NOT NULL,
  `active` tinyint(1) NOT NULL DEFAULT '1',
  `created_at` timestamp NULL DEFAULT NULL,
  `updated_at` timestamp NULL DEFAULT NULL,
  PRIMARY KEY (`id`),
  UNIQUE KEY `locations_location_slug_unique` (`location_slug`)
) ENGINE=InnoDB AUTO_INCREMENT=3 DEFAULT CHARSET=utf8 COLLATE=utf8_unicode_ci;
/*!40101 SET character_set_client = @saved_cs_client */;

--
-- Dumping data for table `locations`
--

LOCK TABLES `locations` WRITE;
/*!40000 ALTER TABLE `locations` DISABLE KEYS */;
INSERT INTO `locations` VALUES (1,'hyderabad-jubilee-hills','jubilee hills','hyderabad',1,'2016-08-31 02:09:21','2016-08-31 02:09:21'),(2,'hyderabad-banjara-hills','banjara hills','hyderabad',1,'2016-08-31 02:09:21','2016-08-31 02:09:21');
/*!40000 ALTER TABLE `locations` ENABLE KEYS */;
UNLOCK TABLES;

--
-- Table structure for table `menu_product_modifiers`
--

DROP TABLE IF EXISTS `menu_product_modifiers`;
/*!40101 SET @saved_cs_client     = @@character_set_client */;
/*!40101 SET character_set_client = utf8 */;
CREATE TABLE `menu_product_modifiers` (
  `id` int(10) unsigned NOT NULL AUTO_INCREMENT,
  `menu_id` int(11) NOT NULL,
  `ProductModifierGroupId` int(11) NOT NULL,
  `ModifierGroupName` varchar(4000) COLLATE utf8_unicode_ci NOT NULL,
  `product_modifier_id` int(11) NOT NULL,
  `product_modifier_name` varchar(4000) COLLATE utf8_unicode_ci NOT NULL,
  `product_modifier_price` decimal(16,2) NOT NULL,
  `created_at` timestamp NULL DEFAULT NULL,
  `updated_at` timestamp NULL DEFAULT NULL,
  PRIMARY KEY (`id`)
) ENGINE=InnoDB AUTO_INCREMENT=706 DEFAULT CHARSET=utf8 COLLATE=utf8_unicode_ci;
/*!40101 SET character_set_client = @saved_cs_client */;

--
-- Dumping data for table `menu_product_modifiers`
--

LOCK TABLES `menu_product_modifiers` WRITE;
/*!40000 ALTER TABLE `menu_product_modifiers` DISABLE KEYS */;
INSERT INTO `menu_product_modifiers` VALUES (259,1,1,'Drinks',1,'no ice',0.00,'2016-08-31 03:45:04','2016-08-31 03:45:04'),(260,1,1,'Drinks',2,'less ice',0.00,'2016-08-31 03:45:04','2016-08-31 03:45:04'),(261,1,1,'Drinks',3,'less sweet',0.00,'2016-08-31 03:45:04','2016-08-31 03:45:04'),(262,1,1,'Drinks',4,'with ice',0.00,'2016-08-31 03:45:04','2016-08-31 03:45:04'),(263,1,1,'Drinks',5,'sweet',0.00,'2016-08-31 03:45:04','2016-08-31 03:45:04'),(264,1,1,'Drinks',6,'salt',0.00,'2016-08-31 03:45:04','2016-08-31 03:45:04'),(265,1,1,'Drinks',7,'sweet and salt',0.00,'2016-08-31 03:45:04','2016-08-31 03:45:04'),(266,1,1,'Drinks',59,'honey',0.00,'2016-08-31 03:45:04','2016-08-31 03:45:04'),(267,1,1,'Drinks',67,'no mint',0.00,'2016-08-31 03:45:04','2016-08-31 03:45:04'),(268,1,1,'Drinks',68,'no icecream',0.00,'2016-08-31 03:45:04','2016-08-31 03:45:04'),(269,1,1,'Drinks',69,'sugar free',0.00,'2016-08-31 03:45:04','2016-08-31 03:45:04'),(270,1,1,'Drinks',70,'with food',0.00,'2016-08-31 03:45:04','2016-08-31 03:45:04'),(271,1,2,'Pasta',8,'penne',0.00,'2016-08-31 03:45:04','2016-08-31 03:45:04'),(272,1,2,'Pasta',9,'spaghetti',0.00,'2016-08-31 03:45:04','2016-08-31 03:45:04'),(273,1,2,'Pasta',10,'fussili',0.00,'2016-08-31 03:45:04','2016-08-31 03:45:04'),(274,1,2,'Pasta',11,'tagliatelle',0.00,'2016-08-31 03:45:04','2016-08-31 03:45:04'),(275,1,2,'Pasta',12,'farfalle',0.00,'2016-08-31 03:45:04','2016-08-31 03:45:04'),(276,1,2,'Pasta',13,'spinach ravioli',0.00,'2016-08-31 03:45:04','2016-08-31 03:45:04'),(277,1,2,'Pasta',14,'gnocchi',0.00,'2016-08-31 03:45:04','2016-08-31 03:45:04'),(278,1,2,'Pasta',15,'tortellini',0.00,'2016-08-31 03:45:04','2016-08-31 03:45:04'),(279,1,2,'Pasta',16,'risotto',0.00,'2016-08-31 03:45:04','2016-08-31 03:45:04'),(280,1,3,'Cooking Instructions',17,'no mushrooms',0.00,'2016-08-31 03:45:04','2016-08-31 03:45:04'),(281,1,3,'Cooking Instructions',18,'less spicy',0.00,'2016-08-31 03:45:04','2016-08-31 03:45:04'),(282,1,3,'Cooking Instructions',19,'medium spicy',0.00,'2016-08-31 03:45:04','2016-08-31 03:45:04'),(283,1,3,'Cooking Instructions',20,'more spicy',0.00,'2016-08-31 03:45:04','2016-08-31 03:45:04'),(284,1,3,'Cooking Instructions',21,'no spicy',0.00,'2016-08-31 03:45:04','2016-08-31 03:45:04'),(285,1,3,'Cooking Instructions',22,'more cheese',0.00,'2016-08-31 03:45:04','2016-08-31 03:45:04'),(286,1,3,'Cooking Instructions',23,'no cheese',0.00,'2016-08-31 03:45:04','2016-08-31 03:45:04'),(287,1,3,'Cooking Instructions',24,'thick sauce',0.00,'2016-08-31 03:45:04','2016-08-31 03:45:04'),(288,1,3,'Cooking Instructions',25,'al dente',0.00,'2016-08-31 03:45:04','2016-08-31 03:45:04'),(289,1,3,'Cooking Instructions',26,'no onion garlic',0.00,'2016-08-31 03:45:04','2016-08-31 03:45:04'),(290,1,3,'Cooking Instructions',27,'parcel',0.00,'2016-08-31 03:45:04','2016-08-31 03:45:04'),(291,1,3,'Cooking Instructions',28,'gluten free',0.00,'2016-08-31 03:45:04','2016-08-31 03:45:04'),(292,1,3,'Cooking Instructions',29,'no garnish',0.00,'2016-08-31 03:45:04','2016-08-31 03:45:04'),(293,1,3,'Cooking Instructions',65,'no tomato sauce',0.00,'2016-08-31 03:45:04','2016-08-31 03:45:04'),(294,1,3,'Cooking Instructions',66,'more sauce',0.00,'2016-08-31 03:45:04','2016-08-31 03:45:04'),(295,1,3,'Cooking Instructions',88,'well cooked',0.00,'2016-08-31 03:45:04','2016-08-31 03:45:04'),(296,1,4,'Juice',32,'cranberry',0.00,'2016-08-31 03:45:04','2016-08-31 03:45:04'),(297,1,4,'Juice',33,'guava',0.00,'2016-08-31 03:45:04','2016-08-31 03:45:04'),(298,1,4,'Juice',34,'mango',0.00,'2016-08-31 03:45:04','2016-08-31 03:45:04'),(299,1,4,'Juice',35,'orange',0.00,'2016-08-31 03:45:04','2016-08-31 03:45:04'),(300,1,4,'Juice',36,'pineapple',0.00,'2016-08-31 03:45:04','2016-08-31 03:45:04'),(301,1,5,'Extra Toppings',37,'chicken',0.00,'2016-08-31 03:45:04','2016-08-31 03:45:04'),(302,1,5,'Extra Toppings',38,'lamb',0.00,'2016-08-31 03:45:04','2016-08-31 03:45:04'),(303,1,5,'Extra Toppings',39,'beef',0.00,'2016-08-31 03:45:04','2016-08-31 03:45:04'),(304,1,5,'Extra Toppings',40,'bacon',0.00,'2016-08-31 03:45:04','2016-08-31 03:45:04'),(305,1,5,'Extra Toppings',41,'vegetables',0.00,'2016-08-31 03:45:04','2016-08-31 03:45:04'),(306,1,5,'Extra Toppings',42,'mushroom',0.00,'2016-08-31 03:45:04','2016-08-31 03:45:04'),(307,1,5,'Extra Toppings',43,'extra cheese',0.00,'2016-08-31 03:45:04','2016-08-31 03:45:04'),(308,1,5,'Extra Toppings',44,'broccoli',0.00,'2016-08-31 03:45:04','2016-08-31 03:45:04'),(309,1,5,'Extra Toppings',45,'shrimp',0.00,'2016-08-31 03:45:04','2016-08-31 03:45:04'),(310,1,5,'Extra Toppings',46,'smoked salmon',0.00,'2016-08-31 03:45:04','2016-08-31 03:45:04'),(311,1,5,'Extra Toppings',47,'parmesan',0.00,'2016-08-31 03:45:04','2016-08-31 03:45:04'),(312,1,5,'Extra Toppings',48,'blue cheese',0.00,'2016-08-31 03:45:04','2016-08-31 03:45:04'),(313,1,5,'Extra Toppings',49,'artichokes',0.00,'2016-08-31 03:45:04','2016-08-31 03:45:04'),(314,1,5,'Extra Toppings',50,'black olives',0.00,'2016-08-31 03:45:04','2016-08-31 03:45:04'),(315,1,5,'Extra Toppings',51,'green olives',0.00,'2016-08-31 03:45:04','2016-08-31 03:45:04'),(316,1,5,'Extra Toppings',52,'capers',0.00,'2016-08-31 03:45:04','2016-08-31 03:45:04'),(317,1,5,'Extra Toppings',53,'jalapenos',0.00,'2016-08-31 03:45:04','2016-08-31 03:45:04'),(318,1,5,'Extra Toppings',54,'sun dried tomatoes',0.00,'2016-08-31 03:45:04','2016-08-31 03:45:04'),(319,1,5,'Extra Toppings',55,'extra meatballs',0.00,'2016-08-31 03:45:04','2016-08-31 03:45:04'),(320,1,5,'Extra Toppings',56,'pepperoni',0.00,'2016-08-31 03:45:04','2016-08-31 03:45:04'),(321,1,5,'Extra Toppings',57,'red yellow bell peppers',0.00,'2016-08-31 03:45:04','2016-08-31 03:45:04'),(322,1,5,'Extra Toppings',58,'green bell peppers',0.00,'2016-08-31 03:45:04','2016-08-31 03:45:04'),(323,1,6,'Inc Modifiers',60,'soy inc',0.00,'2016-08-31 03:45:04','2016-08-31 03:45:04'),(324,1,6,'Inc Modifiers',61,'chicken inc',0.00,'2016-08-31 03:45:04','2016-08-31 03:45:04'),(325,1,6,'Inc Modifiers',62,'lamb inc',0.00,'2016-08-31 03:45:04','2016-08-31 03:45:04'),(326,1,6,'Inc Modifiers',63,'beef inc',0.00,'2016-08-31 03:45:04','2016-08-31 03:45:04'),(327,1,6,'Inc Modifiers',64,'bacon inc',0.00,'2016-08-31 03:45:04','2016-08-31 03:45:04'),(328,1,7,'Soup',71,'tomato',0.00,'2016-08-31 03:45:04','2016-08-31 03:45:04'),(329,1,7,'Soup',72,'mushroom',0.00,'2016-08-31 03:45:04','2016-08-31 03:45:04'),(330,1,7,'Soup',73,'broccoli',0.00,'2016-08-31 03:45:04','2016-08-31 03:45:04'),(331,1,7,'Soup',74,'clear vegetable',0.00,'2016-08-31 03:45:04','2016-08-31 03:45:04'),(332,1,7,'Soup',75,'asparagus',0.00,'2016-08-31 03:45:04','2016-08-31 03:45:04'),(333,1,7,'Soup',76,'chickpea',0.00,'2016-08-31 03:45:04','2016-08-31 03:45:04'),(334,1,7,'Soup',77,'bell pepper',0.00,'2016-08-31 03:45:04','2016-08-31 03:45:04'),(335,1,7,'Soup',78,'spring onion',0.00,'2016-08-31 03:45:04','2016-08-31 03:45:04'),(336,1,7,'Soup',79,'X 2',0.00,'2016-08-31 03:45:04','2016-08-31 03:45:04'),(337,1,7,'Soup',80,'X 3',0.00,'2016-08-31 03:45:04','2016-08-31 03:45:04'),(338,1,7,'Soup',81,'X 4',0.00,'2016-08-31 03:45:04','2016-08-31 03:45:04'),(339,1,7,'Soup',82,'X 5',0.00,'2016-08-31 03:45:04','2016-08-31 03:45:04'),(340,1,7,'Soup',83,'X 6',0.00,'2016-08-31 03:45:04','2016-08-31 03:45:04'),(341,1,7,'Soup',84,'X 7',0.00,'2016-08-31 03:45:04','2016-08-31 03:45:04'),(342,1,7,'Soup',85,'X 8',0.00,'2016-08-31 03:45:04','2016-08-31 03:45:04'),(343,1,7,'Soup',86,'X 9',0.00,'2016-08-31 03:45:04','2016-08-31 03:45:04'),(344,1,7,'Soup',87,'X 10',0.00,'2016-08-31 03:45:04','2016-08-31 03:45:04'),(615,2,1,'Drinks',1,'no ice',0.00,'2016-09-14 09:24:17','2016-09-14 09:24:17'),(616,2,1,'Drinks',2,'less ice',0.00,'2016-09-14 09:24:17','2016-09-14 09:24:17'),(617,2,1,'Drinks',3,'less sweet',0.00,'2016-09-14 09:24:17','2016-09-14 09:24:17'),(618,2,1,'Drinks',4,'with ice',0.00,'2016-09-14 09:24:17','2016-09-14 09:24:17'),(619,2,1,'Drinks',5,'sweet',0.00,'2016-09-14 09:24:17','2016-09-14 09:24:17'),(620,2,1,'Drinks',6,'salt',0.00,'2016-09-14 09:24:17','2016-09-14 09:24:17'),(621,2,1,'Drinks',7,'sweet and salt',0.00,'2016-09-14 09:24:17','2016-09-14 09:24:17'),(622,2,1,'Drinks',59,'honey',0.00,'2016-09-14 09:24:17','2016-09-14 09:24:17'),(623,2,1,'Drinks',67,'no mint',0.00,'2016-09-14 09:24:17','2016-09-14 09:24:17'),(624,2,1,'Drinks',68,'no icecream',0.00,'2016-09-14 09:24:17','2016-09-14 09:24:17'),(625,2,1,'Drinks',69,'sugar free',0.00,'2016-09-14 09:24:17','2016-09-14 09:24:17'),(626,2,1,'Drinks',70,'with food',0.00,'2016-09-14 09:24:17','2016-09-14 09:24:17'),(627,2,1,'Drinks',92,'newDrinkModifier',0.00,'2016-09-14 09:24:17','2016-09-14 09:24:17'),(628,2,2,'Pasta',8,'penne',0.00,'2016-09-14 09:24:17','2016-09-14 09:24:17'),(629,2,2,'Pasta',9,'spaghetti',0.00,'2016-09-14 09:24:17','2016-09-14 09:24:17'),(630,2,2,'Pasta',10,'fussili',0.00,'2016-09-14 09:24:17','2016-09-14 09:24:17'),(631,2,2,'Pasta',11,'tagliatelle',0.00,'2016-09-14 09:24:17','2016-09-14 09:24:17'),(632,2,2,'Pasta',12,'farfalle',0.00,'2016-09-14 09:24:17','2016-09-14 09:24:17'),(633,2,2,'Pasta',13,'spinach ravioli',0.00,'2016-09-14 09:24:17','2016-09-14 09:24:17'),(634,2,2,'Pasta',14,'gnocchi',0.00,'2016-09-14 09:24:17','2016-09-14 09:24:17'),(635,2,2,'Pasta',15,'tortellini',0.00,'2016-09-14 09:24:17','2016-09-14 09:24:17'),(636,2,2,'Pasta',16,'risotto',0.00,'2016-09-14 09:24:17','2016-09-14 09:24:17'),(637,2,3,'Cooking Instructions',17,'no mushrooms',0.00,'2016-09-14 09:24:17','2016-09-14 09:24:17'),(638,2,3,'Cooking Instructions',18,'less spicy',0.00,'2016-09-14 09:24:17','2016-09-14 09:24:17'),(639,2,3,'Cooking Instructions',19,'medium spicy',0.00,'2016-09-14 09:24:17','2016-09-14 09:24:17'),(640,2,3,'Cooking Instructions',20,'more spicy',0.00,'2016-09-14 09:24:17','2016-09-14 09:24:17'),(641,2,3,'Cooking Instructions',21,'no spicy',0.00,'2016-09-14 09:24:17','2016-09-14 09:24:17'),(642,2,3,'Cooking Instructions',22,'more cheese',0.00,'2016-09-14 09:24:17','2016-09-14 09:24:17'),(643,2,3,'Cooking Instructions',23,'no cheese',0.00,'2016-09-14 09:24:17','2016-09-14 09:24:17'),(644,2,3,'Cooking Instructions',24,'thick sauce',0.00,'2016-09-14 09:24:17','2016-09-14 09:24:17'),(645,2,3,'Cooking Instructions',25,'al dente',0.00,'2016-09-14 09:24:17','2016-09-14 09:24:17'),(646,2,3,'Cooking Instructions',26,'no onion garlic',0.00,'2016-09-14 09:24:17','2016-09-14 09:24:17'),(647,2,3,'Cooking Instructions',27,'parcel',0.00,'2016-09-14 09:24:17','2016-09-14 09:24:17'),(648,2,3,'Cooking Instructions',28,'gluten free',0.00,'2016-09-14 09:24:17','2016-09-14 09:24:17'),(649,2,3,'Cooking Instructions',29,'no garnish',0.00,'2016-09-14 09:24:17','2016-09-14 09:24:17'),(650,2,3,'Cooking Instructions',65,'no tomato sauce',0.00,'2016-09-14 09:24:17','2016-09-14 09:24:17'),(651,2,3,'Cooking Instructions',66,'more sauce',0.00,'2016-09-14 09:24:17','2016-09-14 09:24:17'),(652,2,3,'Cooking Instructions',88,'well cooked',0.00,'2016-09-14 09:24:17','2016-09-14 09:24:17'),(653,2,4,'Juice',32,'cranberry',0.00,'2016-09-14 09:24:17','2016-09-14 09:24:17'),(654,2,4,'Juice',33,'guava',0.00,'2016-09-14 09:24:17','2016-09-14 09:24:17'),(655,2,4,'Juice',34,'mango',0.00,'2016-09-14 09:24:17','2016-09-14 09:24:17'),(656,2,4,'Juice',35,'orange',0.00,'2016-09-14 09:24:17','2016-09-14 09:24:17'),(657,2,4,'Juice',36,'pineapple',0.00,'2016-09-14 09:24:17','2016-09-14 09:24:17'),(658,2,5,'Extra Toppings',37,'chicken',80.00,'2016-09-14 09:24:17','2016-09-14 09:24:17'),(659,2,5,'Extra Toppings',38,'lamb',120.00,'2016-09-14 09:24:17','2016-09-14 09:24:17'),(660,2,5,'Extra Toppings',39,'beef',150.00,'2016-09-14 09:24:17','2016-09-14 09:24:17'),(661,2,5,'Extra Toppings',40,'bacon',160.00,'2016-09-14 09:24:17','2016-09-14 09:24:17'),(662,2,5,'Extra Toppings',41,'vegetables',0.00,'2016-09-14 09:24:17','2016-09-14 09:24:17'),(663,2,5,'Extra Toppings',42,'mushroom',0.00,'2016-09-14 09:24:17','2016-09-14 09:24:17'),(664,2,5,'Extra Toppings',43,'extra cheese',0.00,'2016-09-14 09:24:17','2016-09-14 09:24:17'),(665,2,5,'Extra Toppings',44,'broccoli',0.00,'2016-09-14 09:24:17','2016-09-14 09:24:17'),(666,2,5,'Extra Toppings',45,'shrimp',0.00,'2016-09-14 09:24:17','2016-09-14 09:24:17'),(667,2,5,'Extra Toppings',46,'smoked salmon',0.00,'2016-09-14 09:24:17','2016-09-14 09:24:17'),(668,2,5,'Extra Toppings',47,'parmesan',0.00,'2016-09-14 09:24:17','2016-09-14 09:24:17'),(669,2,5,'Extra Toppings',48,'blue cheese',0.00,'2016-09-14 09:24:17','2016-09-14 09:24:17'),(670,2,5,'Extra Toppings',49,'artichokes',0.00,'2016-09-14 09:24:17','2016-09-14 09:24:17'),(671,2,5,'Extra Toppings',50,'black olives',0.00,'2016-09-14 09:24:17','2016-09-14 09:24:17'),(672,2,5,'Extra Toppings',51,'green olives',0.00,'2016-09-14 09:24:17','2016-09-14 09:24:17'),(673,2,5,'Extra Toppings',52,'capers',0.00,'2016-09-14 09:24:17','2016-09-14 09:24:17'),(674,2,5,'Extra Toppings',53,'jalapenos',0.00,'2016-09-14 09:24:17','2016-09-14 09:24:17'),(675,2,5,'Extra Toppings',54,'sun dried tomatoes',0.00,'2016-09-14 09:24:17','2016-09-14 09:24:17'),(676,2,5,'Extra Toppings',55,'extra meatballs',0.00,'2016-09-14 09:24:17','2016-09-14 09:24:17'),(677,2,5,'Extra Toppings',56,'pepperoni',0.00,'2016-09-14 09:24:17','2016-09-14 09:24:17'),(678,2,5,'Extra Toppings',57,'red yellow bell peppers',0.00,'2016-09-14 09:24:17','2016-09-14 09:24:17'),(679,2,5,'Extra Toppings',58,'green bell peppers',0.00,'2016-09-14 09:24:17','2016-09-14 09:24:17'),(680,2,6,'Inc Modifiers',60,'soy inc',100.00,'2016-09-14 09:24:17','2016-09-14 09:24:17'),(681,2,6,'Inc Modifiers',61,'chicken inc',200.00,'2016-09-14 09:24:17','2016-09-14 09:24:17'),(682,2,6,'Inc Modifiers',62,'lamb inc',300.00,'2016-09-14 09:24:17','2016-09-14 09:24:17'),(683,2,6,'Inc Modifiers',63,'beef inc',400.00,'2016-09-14 09:24:17','2016-09-14 09:24:17'),(684,2,6,'Inc Modifiers',64,'bacon inc',500.00,'2016-09-14 09:24:17','2016-09-14 09:24:17'),(685,2,7,'Soup',71,'tomato',0.00,'2016-09-14 09:24:17','2016-09-14 09:24:17'),(686,2,7,'Soup',72,'mushroom',0.00,'2016-09-14 09:24:17','2016-09-14 09:24:17'),(687,2,7,'Soup',73,'broccoli',0.00,'2016-09-14 09:24:17','2016-09-14 09:24:17'),(688,2,7,'Soup',74,'clear vegetable',0.00,'2016-09-14 09:24:17','2016-09-14 09:24:17'),(689,2,7,'Soup',75,'asparagus',0.00,'2016-09-14 09:24:17','2016-09-14 09:24:17'),(690,2,7,'Soup',76,'chickpea',0.00,'2016-09-14 09:24:17','2016-09-14 09:24:17'),(691,2,7,'Soup',77,'bell pepper',0.00,'2016-09-14 09:24:17','2016-09-14 09:24:17'),(692,2,7,'Soup',78,'spring onion',0.00,'2016-09-14 09:24:17','2016-09-14 09:24:17'),(693,2,7,'Soup',79,'X 2',0.00,'2016-09-14 09:24:17','2016-09-14 09:24:17'),(694,2,7,'Soup',80,'X 3',0.00,'2016-09-14 09:24:17','2016-09-14 09:24:17'),(695,2,7,'Soup',81,'X 4',0.00,'2016-09-14 09:24:17','2016-09-14 09:24:17'),(696,2,7,'Soup',82,'X 5',0.00,'2016-09-14 09:24:17','2016-09-14 09:24:17'),(697,2,7,'Soup',83,'X 6',0.00,'2016-09-14 09:24:17','2016-09-14 09:24:17'),(698,2,7,'Soup',84,'X 7',0.00,'2016-09-14 09:24:17','2016-09-14 09:24:17'),(699,2,7,'Soup',85,'X 8',0.00,'2016-09-14 09:24:17','2016-09-14 09:24:17'),(700,2,7,'Soup',86,'X 9',0.00,'2016-09-14 09:24:17','2016-09-14 09:24:17'),(701,2,7,'Soup',87,'X 10',0.00,'2016-09-14 09:24:17','2016-09-14 09:24:17'),(702,2,8,'SomeNewGroup',89,'tag1',0.00,'2016-09-14 09:24:17','2016-09-14 09:24:17'),(703,2,8,'SomeNewGroup',90,'tag2',0.00,'2016-09-14 09:24:17','2016-09-14 09:24:17'),(704,2,8,'SomeNewGroup',91,'tag3',0.00,'2016-09-14 09:24:17','2016-09-14 09:24:17'),(705,2,8,'SomeNewGroup',94,'tag4',0.00,'2016-09-14 09:24:17','2016-09-14 09:24:17');
/*!40000 ALTER TABLE `menu_product_modifiers` ENABLE KEYS */;
UNLOCK TABLES;

--
-- Table structure for table `menu_products`
--

DROP TABLE IF EXISTS `menu_products`;
/*!40101 SET @saved_cs_client     = @@character_set_client */;
/*!40101 SET character_set_client = utf8 */;
CREATE TABLE `menu_products` (
  `id` int(10) unsigned NOT NULL AUTO_INCREMENT,
  `menu_id` int(11) NOT NULL,
  `product_id` int(11) NOT NULL,
  `product_name` varchar(4000) COLLATE utf8_unicode_ci NOT NULL,
  `product_category` varchar(4000) COLLATE utf8_unicode_ci DEFAULT NULL,
  `product_price` decimal(16,2) NOT NULL,
  `created_at` timestamp NULL DEFAULT NULL,
  `updated_at` timestamp NULL DEFAULT NULL,
  PRIMARY KEY (`id`)
) ENGINE=InnoDB AUTO_INCREMENT=1481 DEFAULT CHARSET=utf8 COLLATE=utf8_unicode_ci;
/*!40101 SET character_set_client = @saved_cs_client */;

--
-- Dumping data for table `menu_products`
--

LOCK TABLES `menu_products` WRITE;
/*!40000 ALTER TABLE `menu_products` DISABLE KEYS */;
INSERT INTO `menu_products` VALUES (556,1,1,'crostini melanzana','Antipasti',200.00,'2016-08-31 03:45:04','2016-08-31 03:45:04'),(557,1,2,'crostini al forno','Antipasti',200.00,'2016-08-31 03:45:04','2016-08-31 03:45:04'),(558,1,3,'crostini assortiti','Antipasti',200.00,'2016-08-31 03:45:04','2016-08-31 03:45:04'),(559,1,4,'bruschetta pomodoro','Antipasti',200.00,'2016-08-31 03:45:04','2016-08-31 03:45:04'),(560,1,5,'pane aglio','Antipasti',200.00,'2016-08-31 03:45:04','2016-08-31 03:45:04'),(561,1,6,'pane aglio e mozzarella','Antipasti',200.00,'2016-08-31 03:45:04','2016-08-31 03:45:04'),(562,1,7,'pane aglio e verdure ','Antipasti',200.00,'2016-08-31 03:45:04','2016-08-31 03:45:04'),(563,1,8,'crostini verdure ','Antipasti',200.00,'2016-08-31 03:45:04','2016-08-31 03:45:04'),(564,1,9,'insalata caprese','Antipasti',200.00,'2016-08-31 03:45:04','2016-08-31 03:45:04'),(565,1,10,'peperoni arrosto','Antipasti',200.00,'2016-08-31 03:45:04','2016-08-31 03:45:04'),(566,1,11,'funghi trifolati','Antipasti',200.00,'2016-08-31 03:45:04','2016-08-31 03:45:04'),(567,1,12,'crostini con pollo e formaggio','Antipasti',200.00,'2016-08-31 03:45:04','2016-08-31 03:45:04'),(568,1,13,'carpaccio di salmone','Antipasti',200.00,'2016-08-31 03:45:04','2016-08-31 03:45:04'),(569,1,14,'antipasto del maiale','Antipasti',200.00,'2016-08-31 03:45:04','2016-08-31 03:45:04'),(570,1,15,'pollo e limone','Antipasti',200.00,'2016-08-31 03:45:04','2016-08-31 03:45:04'),(571,1,16,'crostini con tonno','Antipasti',200.00,'2016-08-31 03:45:04','2016-08-31 03:45:04'),(572,1,17,'salsa spinaci','Antipasti',200.00,'2016-08-31 03:45:04','2016-08-31 03:45:04'),(573,1,18,'salsa jalapeno','Antipasti',200.00,'2016-08-31 03:45:04','2016-08-31 03:45:04'),(574,1,19,'funghi ripieni di verdure','Antipasti',200.00,'2016-08-31 03:45:04','2016-08-31 03:45:04'),(575,1,20,'funghi ripieni di pollo','Antipasti',200.00,'2016-08-31 03:45:04','2016-08-31 03:45:04'),(576,1,21,'verdure saltate','Contorni',200.00,'2016-08-31 03:45:04','2016-08-31 03:45:04'),(577,1,22,'broccoli strascinati','Antipasti',200.00,'2016-08-31 03:45:04','2016-08-31 03:45:04'),(578,1,23,'zuppa del giorno','Soup',200.00,'2016-08-31 03:45:04','2016-08-31 03:45:04'),(579,1,24,'insalata pomodoro','Salads',200.00,'2016-08-31 03:45:04','2016-08-31 03:45:04'),(580,1,25,'insalata contadina','Salads',200.00,'2016-08-31 03:45:04','2016-08-31 03:45:04'),(581,1,26,'insalata mista','Salads',0.00,'2016-08-31 03:45:04','2016-08-31 03:45:04'),(582,1,27,'insalata pollo','Salads',0.00,'2016-08-31 03:45:04','2016-08-31 03:45:04'),(583,1,28,'insalata cesare','Salads',0.00,'2016-08-31 03:45:04','2016-08-31 03:45:04'),(584,1,29,'insalata verde di pollo','Salads',0.00,'2016-08-31 03:45:04','2016-08-31 03:45:04'),(585,1,30,'insalata pancetta','Salads',0.00,'2016-08-31 03:45:04','2016-08-31 03:45:04'),(586,1,31,'insalata russo','Salads',0.00,'2016-08-31 03:45:04','2016-08-31 03:45:04'),(587,1,32,'insalata con formaggio di capra','Salads',0.00,'2016-08-31 03:45:04','2016-08-31 03:45:04'),(588,1,33,'insalata vecchi monaco','Salads',0.00,'2016-08-31 03:45:04','2016-08-31 03:45:04'),(589,1,34,'insalata tonno','Salads',0.00,'2016-08-31 03:45:04','2016-08-31 03:45:04'),(590,1,35,'pizza margherita','Pizza',0.00,'2016-08-31 03:45:04','2016-08-31 03:45:04'),(591,1,36,'pizza funghi','Pizza',0.00,'2016-08-31 03:45:04','2016-08-31 03:45:04'),(592,1,37,'pizza cipolla','Pizza',0.00,'2016-08-31 03:45:04','2016-08-31 03:45:04'),(593,1,38,'pizza melanzana','Pizza',0.00,'2016-08-31 03:45:04','2016-08-31 03:45:04'),(594,1,39,'pizza vito','Pizza',0.00,'2016-08-31 03:45:04','2016-08-31 03:45:04'),(595,1,40,'pizza hawaiiano','Pizza',0.00,'2016-08-31 03:45:04','2016-08-31 03:45:04'),(596,1,41,'pizza mediterranean','Pizza',0.00,'2016-08-31 03:45:04','2016-08-31 03:45:04'),(597,1,42,'pizza pomodoro','Pizza',0.00,'2016-08-31 03:45:04','2016-08-31 03:45:04'),(598,1,43,'pizza casa','Pizza',0.00,'2016-08-31 03:45:04','2016-08-31 03:45:04'),(599,1,44,'pizza tabasco','Pizza',0.00,'2016-08-31 03:45:04','2016-08-31 03:45:04'),(600,1,45,'pizza tre peperoni','Pizza',0.00,'2016-08-31 03:45:04','2016-08-31 03:45:04'),(601,1,46,'pizza sicilia','Pizza',0.00,'2016-08-31 03:45:04','2016-08-31 03:45:04'),(602,1,47,'pizza spinaci','Pizza',0.00,'2016-08-31 03:45:04','2016-08-31 03:45:04'),(603,1,48,'pizza liscio','Pizza',0.00,'2016-08-31 03:45:04','2016-08-31 03:45:04'),(604,1,49,'pizza sovrano','Pizza',0.00,'2016-08-31 03:45:04','2016-08-31 03:45:04'),(605,1,50,'pizza genovese','Pizza',0.00,'2016-08-31 03:45:04','2016-08-31 03:45:04'),(606,1,51,'pizza pollito','Pizza',0.00,'2016-08-31 03:45:04','2016-08-31 03:45:04'),(607,1,52,'pizza quattro formaggi','Pizza',0.00,'2016-08-31 03:45:04','2016-08-31 03:45:04'),(608,1,53,'pizza con pollo','Pizza',0.00,'2016-08-31 03:45:04','2016-08-31 03:45:04'),(609,1,54,'pizza tonno e cipolla','Pizza',0.00,'2016-08-31 03:45:04','2016-08-31 03:45:04'),(610,1,55,'pizza diavola','Pizza',0.00,'2016-08-31 03:45:04','2016-08-31 03:45:04'),(611,1,56,'pizza straniera','Pizza',0.00,'2016-08-31 03:45:04','2016-08-31 03:45:04'),(612,1,57,'pizza alla vodka','Pizza',0.00,'2016-08-31 03:45:04','2016-08-31 03:45:04'),(613,1,58,'pizza alpi','Pizza',0.00,'2016-08-31 03:45:04','2016-08-31 03:45:04'),(614,1,59,'pizza gamberetti e sugo rosa','Pizza',0.00,'2016-08-31 03:45:04','2016-08-31 03:45:04'),(615,1,60,'pizza pollo e pesto','Pizza',0.00,'2016-08-31 03:45:04','2016-08-31 03:45:04'),(616,1,61,'pizza salmone affuicata','Pizza',0.00,'2016-08-31 03:45:04','2016-08-31 03:45:04'),(617,1,62,'pizza salame di maiale ','Pizza',0.00,'2016-08-31 03:45:04','2016-08-31 03:45:04'),(618,1,63,'pizza agnello speziato ','Pizza',0.00,'2016-08-31 03:45:04','2016-08-31 03:45:04'),(619,1,64,'pizza salame di pollo','Pizza',0.00,'2016-08-31 03:45:04','2016-08-31 03:45:04'),(620,1,65,'pizza maiale blu','Pizza',0.00,'2016-08-31 03:45:04','2016-08-31 03:45:04'),(621,1,66,'pizza arcevia ','Pizza',0.00,'2016-08-31 03:45:04','2016-08-31 03:45:04'),(622,1,67,'pizza bismark','Pizza',0.00,'2016-08-31 03:45:04','2016-08-31 03:45:04'),(623,1,68,'pizza spagnolo','Pizza',0.00,'2016-08-31 03:45:04','2016-08-31 03:45:04'),(624,1,69,'pizza piri piri','Pizza',0.00,'2016-08-31 03:45:04','2016-08-31 03:45:04'),(625,1,70,'crespelle di funghi','Fresh Pasta',0.00,'2016-08-31 03:45:04','2016-08-31 03:45:04'),(626,1,71,'crespelle di pollo','Fresh Pasta',0.00,'2016-08-31 03:45:04','2016-08-31 03:45:04'),(627,1,72,'crespelle di verdure ','Fresh Pasta',0.00,'2016-08-31 03:45:04','2016-08-31 03:45:04'),(628,1,73,'cannelloni alla fiorentina ','Fresh Pasta',0.00,'2016-08-31 03:45:04','2016-08-31 03:45:04'),(629,1,74,'lasagne napoletana(cheese)','Fresh Pasta',0.00,'2016-08-31 03:45:04','2016-08-31 03:45:04'),(630,1,75,'lasagne di funghi','Fresh Pasta',0.00,'2016-08-31 03:45:04','2016-08-31 03:45:04'),(631,1,76,'lasagne di pollo','Fresh Pasta',0.00,'2016-08-31 03:45:04','2016-08-31 03:45:04'),(632,1,77,'lasagne di agnello','Fresh Pasta',0.00,'2016-08-31 03:45:04','2016-08-31 03:45:04'),(633,1,78,'lasagne di verdure ','Fresh Pasta',0.00,'2016-08-31 03:45:04','2016-08-31 03:45:04'),(634,1,79,'pasta napoletana','Pasta',0.00,'2016-08-31 03:45:04','2016-08-31 03:45:04'),(635,1,80,'pasta aglio olio e peperoncino','Pasta',0.00,'2016-08-31 03:45:04','2016-08-31 03:45:04'),(636,1,81,'pasta aglio olio e agnello','Pasta',0.00,'2016-08-31 03:45:04','2016-08-31 03:45:04'),(637,1,82,'pasta aglio olio e verdure ','Pasta',0.00,'2016-08-31 03:45:04','2016-08-31 03:45:04'),(638,1,83,'pasta puttanesca napoletana','Pasta',0.00,'2016-08-31 03:45:04','2016-08-31 03:45:04'),(639,1,84,'pasta melanzana','Pasta',0.00,'2016-08-31 03:45:04','2016-08-31 03:45:04'),(640,1,85,'pasta pesto genovese','Pasta',0.00,'2016-08-31 03:45:04','2016-08-31 03:45:04'),(641,1,86,'pasta arrabbiata','Pasta',0.00,'2016-08-31 03:45:04','2016-08-31 03:45:04'),(642,1,87,'pasta ai quattro formaggi ','Pasta',0.00,'2016-08-31 03:45:04','2016-08-31 03:45:04'),(643,1,88,'pasta alfredo','Pasta',0.00,'2016-08-31 03:45:04','2016-08-31 03:45:04'),(644,1,89,'pasta panna e noci','Pasta',0.00,'2016-08-31 03:45:04','2016-08-31 03:45:04'),(645,1,90,'pasta panna funghi e piselli','Pasta',0.00,'2016-08-31 03:45:04','2016-08-31 03:45:04'),(646,1,91,'pasta spinaci e formaggio','Pasta',0.00,'2016-08-31 03:45:04','2016-08-31 03:45:04'),(647,1,92,'patsa supremo broccoli','Pasta',0.00,'2016-08-31 03:45:04','2016-08-31 03:45:04'),(648,1,93,'pasta pollo supremo ','Pasta',0.00,'2016-08-31 03:45:04','2016-08-31 03:45:04'),(649,1,94,'pasta milazzo','Pasta',0.00,'2016-08-31 03:45:04','2016-08-31 03:45:04'),(650,1,95,'pasta sugo rosa','Pasta',0.00,'2016-08-31 03:45:04','2016-08-31 03:45:04'),(651,1,96,'pizza grano turco','Pizza',0.00,'2016-08-31 03:45:04','2016-08-31 03:45:04'),(652,1,97,'pizza grande','Pizza',0.00,'2016-08-31 03:45:04','2016-08-31 03:45:04'),(653,1,98,'pasta primavera ','Pasta',0.00,'2016-08-31 03:45:04','2016-08-31 03:45:04'),(654,1,99,'pasta al capone','Pasta',0.00,'2016-08-31 03:45:04','2016-08-31 03:45:04'),(655,1,100,'pasta funghi porcini','Pasta',0.00,'2016-08-31 03:45:04','2016-08-31 03:45:04'),(656,1,101,'pasta quattro stagioni','Pasta',0.00,'2016-08-31 03:45:04','2016-08-31 03:45:04'),(657,1,102,'pasta sugo alla matriciana','Pasta',0.00,'2016-08-31 03:45:04','2016-08-31 03:45:04'),(658,1,103,'pasta carbonara ','Pasta',0.00,'2016-08-31 03:45:04','2016-08-31 03:45:04'),(659,1,104,'pasta bolognese','Pasta',0.00,'2016-08-31 03:45:04','2016-08-31 03:45:04'),(660,1,105,'pasta vodka','Pasta',0.00,'2016-08-31 03:45:04','2016-08-31 03:45:04'),(661,1,106,'pasta campesina ','Pasta',0.00,'2016-08-31 03:45:04','2016-08-31 03:45:04'),(662,1,107,'pasta agnello al vino','Pasta',0.00,'2016-08-31 03:45:04','2016-08-31 03:45:04'),(663,1,108,'pasta gricia','Pasta',0.00,'2016-08-31 03:45:04','2016-08-31 03:45:04'),(664,1,109,'pasta polpettine al sugo','Pasta',0.00,'2016-08-31 03:45:04','2016-08-31 03:45:04'),(665,1,110,'pasta salmone','Pasta',0.00,'2016-08-31 03:45:04','2016-08-31 03:45:04'),(666,1,111,'pasta tonno al sugo','Pasta',0.00,'2016-08-31 03:45:04','2016-08-31 03:45:04'),(667,1,112,'pasta gamberetti al sugo','Pasta',0.00,'2016-08-31 03:45:04','2016-08-31 03:45:04'),(668,1,113,'pasta gamberi di salsa bianca','Pasta',0.00,'2016-08-31 03:45:04','2016-08-31 03:45:04'),(669,1,114,'pasta shrimp campesina ','Pasta',0.00,'2016-08-31 03:45:04','2016-08-31 03:45:04'),(670,1,115,'risotto al forno','Risotto',0.00,'2016-08-31 03:45:04','2016-08-31 03:45:04'),(671,1,116,'risotto funghi e zaffrano','Risotto',0.00,'2016-08-31 03:45:04','2016-08-31 03:45:04'),(672,1,117,'risotto funghi porcini','Risotto',0.00,'2016-08-31 03:45:04','2016-08-31 03:45:04'),(673,1,118,'risotto quattro formaggi','Risotto',0.00,'2016-08-31 03:45:04','2016-08-31 03:45:04'),(674,1,119,'risotto al salsa ','Risotto',0.00,'2016-08-31 03:45:04','2016-08-31 03:45:04'),(675,1,120,'risotto di pesto','Risotto',0.00,'2016-08-31 03:45:04','2016-08-31 03:45:04'),(676,1,121,'risotto panna piccante','Risotto',0.00,'2016-08-31 03:45:04','2016-08-31 03:45:04'),(677,1,122,'risotto di pollo','Risotto',0.00,'2016-08-31 03:45:04','2016-08-31 03:45:04'),(678,1,123,'risotto alla campesina ','Risotto',0.00,'2016-08-31 03:45:04','2016-08-31 03:45:04'),(679,1,124,'risotto di spinaci e pollo','Risotto',0.00,'2016-08-31 03:45:04','2016-08-31 03:45:04'),(680,1,125,'risotto fruitti di mare','Risotto',0.00,'2016-08-31 03:45:04','2016-08-31 03:45:04'),(681,1,126,'pollo panna e funghi','Secondi',0.00,'2016-08-31 03:45:04','2016-08-31 03:45:04'),(682,1,127,'pollo cacciatore','Secondi',0.00,'2016-08-31 03:45:04','2016-08-31 03:45:04'),(683,1,128,'pollo alla raganello','Secondi',0.00,'2016-08-31 03:45:04','2016-08-31 03:45:04'),(684,1,129,'panna e pesci','Secondi',0.00,'2016-08-31 03:45:04','2016-08-31 03:45:04'),(685,1,130,'pesci nepoletana','Secondi',0.00,'2016-08-31 03:45:04','2016-08-31 03:45:04'),(686,1,131,'pollo grigliata','Secondi',0.00,'2016-08-31 03:45:04','2016-08-31 03:45:04'),(687,1,132,'pesci grigliata','Secondi',0.00,'2016-08-31 03:45:04','2016-08-31 03:45:04'),(688,1,133,'paolas tiramisu','Desserts',0.00,'2016-08-31 03:45:04','2016-08-31 03:45:04'),(689,1,134,'the bomb','Desserts',0.00,'2016-08-31 03:45:04','2016-08-31 03:45:04'),(690,1,135,'sizzling brownie','Desserts',0.00,'2016-08-31 03:45:04','2016-08-31 03:45:04'),(691,1,136,'no-bake blueberry cheesecake ','Desserts',0.00,'2016-08-31 03:45:04','2016-08-31 03:45:04'),(692,1,137,'panna cotta','Desserts',0.00,'2016-08-31 03:45:04','2016-08-31 03:45:04'),(693,1,138,'pasta teramo','Pasta',0.00,'2016-08-31 03:45:04','2016-08-31 03:45:04'),(694,1,139,'pasta al forno','Pasta',0.00,'2016-08-31 03:45:04','2016-08-31 03:45:04'),(695,1,140,'pizza sicilia alla pollo','Pizza',0.00,'2016-08-31 03:45:04','2016-08-31 03:45:04'),(696,1,141,'pizza pollo tabasco','Pizza',0.00,'2016-08-31 03:45:04','2016-08-31 03:45:04'),(697,1,142,'insalata cesare di pollo','Salads',0.00,'2016-08-31 03:45:04','2016-08-31 03:45:04'),(698,1,143,'pasta pollo ai quattro formaggi  ','Pasta',0.00,'2016-08-31 03:45:04','2016-08-31 03:45:04'),(699,1,144,'pasta pollo al forno','Pasta',0.00,'2016-08-31 03:45:04','2016-08-31 03:45:04'),(700,1,147,'zappalicious','Mocktails',0.00,'2016-08-31 03:45:04','2016-08-31 03:45:04'),(701,1,148,'pinita colada','Mocktails',0.00,'2016-08-31 03:45:04','2016-08-31 03:45:04'),(702,1,149,'eye of the tiger','Mocktails',0.00,'2016-08-31 03:45:04','2016-08-31 03:45:04'),(703,1,150,'nojito','Mocktails',0.00,'2016-08-31 03:45:04','2016-08-31 03:45:04'),(704,1,151,'marilyn mongoose','Mocktails',0.00,'2016-08-31 03:45:04','2016-08-31 03:45:04'),(705,1,152,'lemon ice tea','Mocktails',0.00,'2016-08-31 03:45:04','2016-08-31 03:45:04'),(706,1,153,'peach ice tea','Mocktails',0.00,'2016-08-31 03:45:04','2016-08-31 03:45:04'),(707,1,154,'blackcurrant ice tea','Mocktails',0.00,'2016-08-31 03:45:04','2016-08-31 03:45:04'),(708,1,155,'fruit punch','Mocktails',0.00,'2016-08-31 03:45:04','2016-08-31 03:45:04'),(709,1,156,'strawberry lemonade','Mocktails',0.00,'2016-08-31 03:45:04','2016-08-31 03:45:04'),(710,1,157,'blue curacao lemonade','Mocktails',0.00,'2016-08-31 03:45:04','2016-08-31 03:45:04'),(711,1,158,'green apple lemonade','Mocktails',0.00,'2016-08-31 03:45:04','2016-08-31 03:45:04'),(712,1,159,'barking dog','Mocktails',0.00,'2016-08-31 03:45:04','2016-08-31 03:45:04'),(713,1,160,'smooth operator','Mocktails',0.00,'2016-08-31 03:45:04','2016-08-31 03:45:04'),(714,1,161,'caffeine berg','Mocktails',0.00,'2016-08-31 03:45:04','2016-08-31 03:45:04'),(715,1,162,'green tea','Drinks',0.00,'2016-08-31 03:45:04','2016-08-31 03:45:04'),(716,1,163,'espresso','Drinks',0.00,'2016-08-31 03:45:04','2016-08-31 03:45:04'),(717,1,164,'cappuccino','Drinks',0.00,'2016-08-31 03:45:04','2016-08-31 03:45:04'),(718,1,165,'fresh lemon soda','Drinks',0.00,'2016-08-31 03:45:04','2016-08-31 03:45:04'),(719,1,166,'fresh lemon water','Drinks',0.00,'2016-08-31 03:45:04','2016-08-31 03:45:04'),(720,1,167,'canned juice','Drinks',0.00,'2016-08-31 03:45:04','2016-08-31 03:45:04'),(721,1,168,'bottled water','Drinks',0.00,'2016-08-31 03:45:04','2016-08-31 03:45:04'),(722,1,169,'coke','Drinks',0.00,'2016-08-31 03:45:04','2016-08-31 03:45:04'),(723,1,170,'sprite','Drinks',0.00,'2016-08-31 03:45:04','2016-08-31 03:45:04'),(724,1,171,'soda','Drinks',0.00,'2016-08-31 03:45:04','2016-08-31 03:45:04'),(725,1,172,'thums up','Drinks',0.00,'2016-08-31 03:45:04','2016-08-31 03:45:04'),(726,1,173,'diet coke','Drinks',0.00,'2016-08-31 03:45:04','2016-08-31 03:45:04'),(727,1,174,'coke zero','Drinks',0.00,'2016-08-31 03:45:04','2016-08-31 03:45:04'),(728,1,175,'red bull','Drinks',0.00,'2016-08-31 03:45:04','2016-08-31 03:45:04'),(729,1,176,'latte','Drinks',0.00,'2016-08-31 03:45:04','2016-08-31 03:45:04'),(730,1,177,'milkshake','Mocktails',0.00,'2016-08-31 03:45:04','2016-08-31 03:45:04'),(731,1,178,'mongolian rice chicken','Specials',0.00,'2016-08-31 03:45:04','2016-08-31 03:45:04'),(732,1,179,'mongolian rice veg','Specials',0.00,'2016-08-31 03:45:04','2016-08-31 03:45:04'),(733,1,180,'mongolian rice lamb','Specials',0.00,'2016-08-31 03:45:04','2016-08-31 03:45:04'),(734,1,181,'cheese nachos','Mexican',0.00,'2016-08-31 03:45:04','2016-08-31 03:45:04'),(735,1,182,'chicken nachos','Mexican',0.00,'2016-08-31 03:45:04','2016-08-31 03:45:04'),(736,1,183,'beans nachos','Mexican',0.00,'2016-08-31 03:45:04','2016-08-31 03:45:04'),(737,1,184,'pizza umbra','Pizza',0.00,'2016-08-31 03:45:04','2016-08-31 03:45:04'),(738,1,185,'Piemonte','Pizza',0.00,'2016-08-31 03:45:04','2016-08-31 03:45:04'),(739,1,186,'chicken parmigiana','Specials',0.00,'2016-08-31 03:45:04','2016-08-31 03:45:04'),(740,1,187,'Plain water','',0.00,'2016-08-31 03:45:04','2016-08-31 03:45:04'),(1296,2,1,'crostini melanzana','Antipasti',100.00,'2016-09-14 09:24:17','2016-09-14 09:24:17'),(1297,2,2,'crostini al forno','Antipasti',100.00,'2016-09-14 09:24:17','2016-09-14 09:24:17'),(1298,2,3,'crostini assortiti','Antipasti',100.00,'2016-09-14 09:24:17','2016-09-14 09:24:17'),(1299,2,4,'bruschetta pomodoro','Antipasti',100.00,'2016-09-14 09:24:17','2016-09-14 09:24:17'),(1300,2,5,'pane aglio','Antipasti',100.00,'2016-09-14 09:24:17','2016-09-14 09:24:17'),(1301,2,6,'pane aglio e mozzarella','Antipasti',100.00,'2016-09-14 09:24:17','2016-09-14 09:24:17'),(1302,2,7,'pane aglio e verdure ','Antipasti',100.00,'2016-09-14 09:24:17','2016-09-14 09:24:17'),(1303,2,8,'crostini verdure ','Antipasti',100.00,'2016-09-14 09:24:17','2016-09-14 09:24:17'),(1304,2,9,'insalata caprese','Antipasti',100.00,'2016-09-14 09:24:17','2016-09-14 09:24:17'),(1305,2,10,'peperoni arrosto','Antipasti',100.00,'2016-09-14 09:24:17','2016-09-14 09:24:17'),(1306,2,11,'funghi trifolati','Antipasti',100.00,'2016-09-14 09:24:17','2016-09-14 09:24:17'),(1307,2,12,'crostini con pollo e formaggio','Antipasti',100.00,'2016-09-14 09:24:17','2016-09-14 09:24:17'),(1308,2,13,'carpaccio di salmone','Antipasti',100.00,'2016-09-14 09:24:17','2016-09-14 09:24:17'),(1309,2,14,'antipasto del maiale','Antipasti',100.00,'2016-09-14 09:24:17','2016-09-14 09:24:17'),(1310,2,15,'pollo e limone','Antipasti',100.00,'2016-09-14 09:24:17','2016-09-14 09:24:17'),(1311,2,16,'crostini con tonno','Antipasti',100.00,'2016-09-14 09:24:17','2016-09-14 09:24:17'),(1312,2,17,'salsa spinaci','Antipasti',100.00,'2016-09-14 09:24:17','2016-09-14 09:24:17'),(1313,2,18,'salsa jalapeno','Antipasti',100.00,'2016-09-14 09:24:17','2016-09-14 09:24:17'),(1314,2,19,'funghi ripieni di verdure','Antipasti',100.00,'2016-09-14 09:24:17','2016-09-14 09:24:17'),(1315,2,20,'funghi ripieni di pollo','Antipasti',100.00,'2016-09-14 09:24:17','2016-09-14 09:24:17'),(1316,2,21,'verdure saltate','Contorni',100.00,'2016-09-14 09:24:17','2016-09-14 09:24:17'),(1317,2,22,'broccoli strascinati','Antipasti',100.00,'2016-09-14 09:24:17','2016-09-14 09:24:17'),(1318,2,23,'zuppa del giorno','Soup',100.00,'2016-09-14 09:24:17','2016-09-14 09:24:17'),(1319,2,24,'insalata pomodoro','Salads',100.00,'2016-09-14 09:24:17','2016-09-14 09:24:17'),(1320,2,25,'insalata contadina','Salads',100.00,'2016-09-14 09:24:17','2016-09-14 09:24:17'),(1321,2,26,'insalata mista','Salads',100.00,'2016-09-14 09:24:17','2016-09-14 09:24:17'),(1322,2,27,'insalata pollo','Salads',100.00,'2016-09-14 09:24:17','2016-09-14 09:24:17'),(1323,2,28,'insalata cesare','Salads',100.00,'2016-09-14 09:24:17','2016-09-14 09:24:17'),(1324,2,29,'insalata verde di pollo','Salads',100.00,'2016-09-14 09:24:17','2016-09-14 09:24:17'),(1325,2,30,'insalata pancetta','Salads',100.00,'2016-09-14 09:24:17','2016-09-14 09:24:17'),(1326,2,31,'insalata russo','Salads',0.00,'2016-09-14 09:24:17','2016-09-14 09:24:17'),(1327,2,32,'insalata con formaggio di capra','Salads',0.00,'2016-09-14 09:24:17','2016-09-14 09:24:17'),(1328,2,33,'insalata vecchi monaco','Salads',0.00,'2016-09-14 09:24:17','2016-09-14 09:24:17'),(1329,2,34,'insalata tonno','Salads',0.00,'2016-09-14 09:24:17','2016-09-14 09:24:17'),(1330,2,35,'pizza margherita','Pizza',0.00,'2016-09-14 09:24:17','2016-09-14 09:24:17'),(1331,2,36,'pizza funghi','Pizza',0.00,'2016-09-14 09:24:17','2016-09-14 09:24:17'),(1332,2,37,'pizza cipolla','Pizza',0.00,'2016-09-14 09:24:17','2016-09-14 09:24:17'),(1333,2,38,'pizza melanzana','Pizza',0.00,'2016-09-14 09:24:17','2016-09-14 09:24:17'),(1334,2,39,'pizza vito','Pizza',0.00,'2016-09-14 09:24:17','2016-09-14 09:24:17'),(1335,2,40,'pizza hawaiiano','Pizza',0.00,'2016-09-14 09:24:17','2016-09-14 09:24:17'),(1336,2,41,'pizza mediterranean','Pizza',0.00,'2016-09-14 09:24:17','2016-09-14 09:24:17'),(1337,2,42,'pizza pomodoro','Pizza',0.00,'2016-09-14 09:24:17','2016-09-14 09:24:17'),(1338,2,43,'pizza casa','Pizza',0.00,'2016-09-14 09:24:17','2016-09-14 09:24:17'),(1339,2,44,'pizza tabasco','Pizza',0.00,'2016-09-14 09:24:17','2016-09-14 09:24:17'),(1340,2,45,'pizza tre peperoni','Pizza',0.00,'2016-09-14 09:24:17','2016-09-14 09:24:17'),(1341,2,46,'pizza sicilia','Pizza',0.00,'2016-09-14 09:24:17','2016-09-14 09:24:17'),(1342,2,47,'pizza spinaci','Pizza',0.00,'2016-09-14 09:24:17','2016-09-14 09:24:17'),(1343,2,48,'pizza liscio','Pizza',0.00,'2016-09-14 09:24:17','2016-09-14 09:24:17'),(1344,2,49,'pizza sovrano','Pizza',0.00,'2016-09-14 09:24:17','2016-09-14 09:24:17'),(1345,2,50,'pizza genovese','Pizza',0.00,'2016-09-14 09:24:17','2016-09-14 09:24:17'),(1346,2,51,'pizza pollito','Pizza',0.00,'2016-09-14 09:24:17','2016-09-14 09:24:17'),(1347,2,52,'pizza quattro formaggi','Pizza',0.00,'2016-09-14 09:24:17','2016-09-14 09:24:17'),(1348,2,53,'pizza con pollo','Pizza',0.00,'2016-09-14 09:24:17','2016-09-14 09:24:17'),(1349,2,54,'pizza tonno e cipolla','Pizza',0.00,'2016-09-14 09:24:17','2016-09-14 09:24:17'),(1350,2,55,'pizza diavola','Pizza',0.00,'2016-09-14 09:24:17','2016-09-14 09:24:17'),(1351,2,56,'pizza straniera','Pizza',0.00,'2016-09-14 09:24:17','2016-09-14 09:24:17'),(1352,2,57,'pizza alla vodka','Pizza',0.00,'2016-09-14 09:24:17','2016-09-14 09:24:17'),(1353,2,58,'pizza alpi','Pizza',0.00,'2016-09-14 09:24:17','2016-09-14 09:24:17'),(1354,2,59,'pizza gamberetti e sugo rosa','Pizza',0.00,'2016-09-14 09:24:17','2016-09-14 09:24:17'),(1355,2,60,'pizza pollo e pesto','Pizza',0.00,'2016-09-14 09:24:17','2016-09-14 09:24:17'),(1356,2,61,'pizza salmone affuicata','Pizza',0.00,'2016-09-14 09:24:17','2016-09-14 09:24:17'),(1357,2,62,'pizza salame di maiale ','Pizza',0.00,'2016-09-14 09:24:17','2016-09-14 09:24:17'),(1358,2,63,'pizza agnello speziato ','Pizza',0.00,'2016-09-14 09:24:17','2016-09-14 09:24:17'),(1359,2,64,'pizza salame di pollo','Pizza',0.00,'2016-09-14 09:24:17','2016-09-14 09:24:17'),(1360,2,65,'pizza maiale blu','Pizza',0.00,'2016-09-14 09:24:17','2016-09-14 09:24:17'),(1361,2,66,'pizza arcevia ','Pizza',0.00,'2016-09-14 09:24:17','2016-09-14 09:24:17'),(1362,2,67,'pizza bismark','Pizza',0.00,'2016-09-14 09:24:17','2016-09-14 09:24:17'),(1363,2,68,'pizza spagnolo','Pizza',0.00,'2016-09-14 09:24:17','2016-09-14 09:24:17'),(1364,2,69,'pizza piri piri','Pizza',0.00,'2016-09-14 09:24:17','2016-09-14 09:24:17'),(1365,2,70,'crespelle di funghi','Fresh Pasta',0.00,'2016-09-14 09:24:17','2016-09-14 09:24:17'),(1366,2,71,'crespelle di pollo','Fresh Pasta',0.00,'2016-09-14 09:24:17','2016-09-14 09:24:17'),(1367,2,72,'crespelle di verdure ','Fresh Pasta',0.00,'2016-09-14 09:24:17','2016-09-14 09:24:17'),(1368,2,73,'cannelloni alla fiorentina ','Fresh Pasta',0.00,'2016-09-14 09:24:17','2016-09-14 09:24:17'),(1369,2,74,'lasagne napoletana(cheese)','Fresh Pasta',0.00,'2016-09-14 09:24:17','2016-09-14 09:24:17'),(1370,2,75,'lasagne di funghi','Fresh Pasta',0.00,'2016-09-14 09:24:17','2016-09-14 09:24:17'),(1371,2,76,'lasagne di pollo','Fresh Pasta',0.00,'2016-09-14 09:24:17','2016-09-14 09:24:17'),(1372,2,77,'lasagne di agnello','Fresh Pasta',0.00,'2016-09-14 09:24:17','2016-09-14 09:24:17'),(1373,2,78,'lasagne di verdure ','Fresh Pasta',0.00,'2016-09-14 09:24:17','2016-09-14 09:24:17'),(1374,2,79,'pasta napoletana','Pasta',0.00,'2016-09-14 09:24:17','2016-09-14 09:24:17'),(1375,2,80,'pasta aglio olio e peperoncino','Pasta',0.00,'2016-09-14 09:24:17','2016-09-14 09:24:17'),(1376,2,81,'pasta aglio olio e agnello','Pasta',0.00,'2016-09-14 09:24:17','2016-09-14 09:24:17'),(1377,2,82,'pasta aglio olio e verdure ','Pasta',0.00,'2016-09-14 09:24:17','2016-09-14 09:24:17'),(1378,2,83,'pasta puttanesca napoletana','Pasta',0.00,'2016-09-14 09:24:17','2016-09-14 09:24:17'),(1379,2,84,'pasta melanzana','Pasta',0.00,'2016-09-14 09:24:17','2016-09-14 09:24:17'),(1380,2,85,'pasta pesto genovese','Pasta',0.00,'2016-09-14 09:24:17','2016-09-14 09:24:17'),(1381,2,86,'pasta arrabbiata','Pasta',0.00,'2016-09-14 09:24:17','2016-09-14 09:24:17'),(1382,2,87,'pasta ai quattro formaggi ','Pasta',0.00,'2016-09-14 09:24:17','2016-09-14 09:24:17'),(1383,2,88,'pasta alfredo','Pasta',0.00,'2016-09-14 09:24:17','2016-09-14 09:24:17'),(1384,2,89,'pasta panna e noci','Pasta',0.00,'2016-09-14 09:24:17','2016-09-14 09:24:17'),(1385,2,90,'pasta panna funghi e piselli','Pasta',0.00,'2016-09-14 09:24:17','2016-09-14 09:24:17'),(1386,2,91,'pasta spinaci e formaggio','Pasta',0.00,'2016-09-14 09:24:17','2016-09-14 09:24:17'),(1387,2,92,'patsa supremo broccoli','Pasta',0.00,'2016-09-14 09:24:17','2016-09-14 09:24:17'),(1388,2,93,'pasta pollo supremo ','Pasta',0.00,'2016-09-14 09:24:17','2016-09-14 09:24:17'),(1389,2,94,'pasta milazzo','Pasta',0.00,'2016-09-14 09:24:17','2016-09-14 09:24:17'),(1390,2,95,'pasta sugo rosa','Pasta',0.00,'2016-09-14 09:24:17','2016-09-14 09:24:17'),(1391,2,96,'pizza grano turco','Pizza',0.00,'2016-09-14 09:24:17','2016-09-14 09:24:17'),(1392,2,97,'pizza grande','Pizza',0.00,'2016-09-14 09:24:17','2016-09-14 09:24:17'),(1393,2,98,'pasta primavera ','Pasta',0.00,'2016-09-14 09:24:17','2016-09-14 09:24:17'),(1394,2,99,'pasta al capone','Pasta',0.00,'2016-09-14 09:24:17','2016-09-14 09:24:17'),(1395,2,100,'pasta funghi porcini','Pasta',0.00,'2016-09-14 09:24:17','2016-09-14 09:24:17'),(1396,2,101,'pasta quattro stagioni','Pasta',0.00,'2016-09-14 09:24:17','2016-09-14 09:24:17'),(1397,2,102,'pasta sugo alla matriciana','Pasta',0.00,'2016-09-14 09:24:17','2016-09-14 09:24:17'),(1398,2,103,'pasta carbonara ','Pasta',0.00,'2016-09-14 09:24:17','2016-09-14 09:24:17'),(1399,2,104,'pasta bolognese','Pasta',0.00,'2016-09-14 09:24:17','2016-09-14 09:24:17'),(1400,2,105,'pasta vodka','Pasta',0.00,'2016-09-14 09:24:17','2016-09-14 09:24:17'),(1401,2,106,'pasta campesina ','Pasta',0.00,'2016-09-14 09:24:17','2016-09-14 09:24:17'),(1402,2,107,'pasta agnello al vino','Pasta',0.00,'2016-09-14 09:24:17','2016-09-14 09:24:17'),(1403,2,108,'pasta gricia','Pasta',0.00,'2016-09-14 09:24:17','2016-09-14 09:24:17'),(1404,2,109,'pasta polpettine al sugo','Pasta',0.00,'2016-09-14 09:24:17','2016-09-14 09:24:17'),(1405,2,110,'pasta salmone','Pasta',0.00,'2016-09-14 09:24:17','2016-09-14 09:24:17'),(1406,2,111,'pasta tonno al sugo','Pasta',0.00,'2016-09-14 09:24:17','2016-09-14 09:24:17'),(1407,2,112,'pasta gamberetti al sugo','Pasta',0.00,'2016-09-14 09:24:17','2016-09-14 09:24:17'),(1408,2,113,'pasta gamberi di salsa bianca','Pasta',0.00,'2016-09-14 09:24:17','2016-09-14 09:24:17'),(1409,2,114,'pasta shrimp campesina ','Pasta',0.00,'2016-09-14 09:24:17','2016-09-14 09:24:17'),(1410,2,115,'risotto al forno','Risotto',0.00,'2016-09-14 09:24:17','2016-09-14 09:24:17'),(1411,2,116,'risotto funghi e zaffrano','Risotto',0.00,'2016-09-14 09:24:17','2016-09-14 09:24:17'),(1412,2,117,'risotto funghi porcini','Risotto',0.00,'2016-09-14 09:24:17','2016-09-14 09:24:17'),(1413,2,118,'risotto quattro formaggi','Risotto',0.00,'2016-09-14 09:24:17','2016-09-14 09:24:17'),(1414,2,119,'risotto al salsa ','Risotto',0.00,'2016-09-14 09:24:17','2016-09-14 09:24:17'),(1415,2,120,'risotto di pesto','Risotto',0.00,'2016-09-14 09:24:17','2016-09-14 09:24:17'),(1416,2,121,'risotto panna piccante','Risotto',0.00,'2016-09-14 09:24:17','2016-09-14 09:24:17'),(1417,2,122,'risotto di pollo','Risotto',0.00,'2016-09-14 09:24:17','2016-09-14 09:24:17'),(1418,2,123,'risotto alla campesina ','Risotto',0.00,'2016-09-14 09:24:17','2016-09-14 09:24:17'),(1419,2,124,'risotto di spinaci e pollo','Risotto',0.00,'2016-09-14 09:24:17','2016-09-14 09:24:17'),(1420,2,125,'risotto fruitti di mare','Risotto',0.00,'2016-09-14 09:24:17','2016-09-14 09:24:17'),(1421,2,126,'pollo panna e funghi','Secondi',0.00,'2016-09-14 09:24:17','2016-09-14 09:24:17'),(1422,2,127,'pollo cacciatore','Secondi',0.00,'2016-09-14 09:24:17','2016-09-14 09:24:17'),(1423,2,128,'pollo alla raganello','Secondi',0.00,'2016-09-14 09:24:17','2016-09-14 09:24:17'),(1424,2,129,'panna e pesci','Secondi',0.00,'2016-09-14 09:24:17','2016-09-14 09:24:17'),(1425,2,130,'pesci nepoletana','Secondi',0.00,'2016-09-14 09:24:17','2016-09-14 09:24:17'),(1426,2,131,'pollo grigliata','Secondi',0.00,'2016-09-14 09:24:17','2016-09-14 09:24:17'),(1427,2,132,'pesci grigliata','Secondi',0.00,'2016-09-14 09:24:17','2016-09-14 09:24:17'),(1428,2,133,'paolas tiramisu','Desserts',0.00,'2016-09-14 09:24:17','2016-09-14 09:24:17'),(1429,2,134,'the bomb','Desserts',0.00,'2016-09-14 09:24:17','2016-09-14 09:24:17'),(1430,2,135,'sizzling brownie','Desserts',0.00,'2016-09-14 09:24:17','2016-09-14 09:24:17'),(1431,2,136,'no-bake blueberry cheesecake ','Desserts',0.00,'2016-09-14 09:24:17','2016-09-14 09:24:17'),(1432,2,137,'panna cotta','Desserts',0.00,'2016-09-14 09:24:17','2016-09-14 09:24:17'),(1433,2,138,'pasta teramo','Pasta',0.00,'2016-09-14 09:24:17','2016-09-14 09:24:17'),(1434,2,139,'pasta al forno','Pasta',0.00,'2016-09-14 09:24:17','2016-09-14 09:24:17'),(1435,2,140,'pizza sicilia alla pollo','Pizza',0.00,'2016-09-14 09:24:17','2016-09-14 09:24:17'),(1436,2,141,'pizza pollo tabasco','Pizza',0.00,'2016-09-14 09:24:17','2016-09-14 09:24:17'),(1437,2,142,'insalata cesare di pollo','Salads',0.00,'2016-09-14 09:24:17','2016-09-14 09:24:17'),(1438,2,143,'pasta pollo ai quattro formaggi  ','Pasta',0.00,'2016-09-14 09:24:17','2016-09-14 09:24:17'),(1439,2,144,'pasta pollo al forno','Pasta',0.00,'2016-09-14 09:24:17','2016-09-14 09:24:17'),(1440,2,147,'zappalicious','Mocktails',0.00,'2016-09-14 09:24:17','2016-09-14 09:24:17'),(1441,2,148,'pinita colada','Mocktails',0.00,'2016-09-14 09:24:17','2016-09-14 09:24:17'),(1442,2,149,'eye of the tiger','Mocktails',0.00,'2016-09-14 09:24:17','2016-09-14 09:24:17'),(1443,2,150,'nojito','Mocktails',0.00,'2016-09-14 09:24:17','2016-09-14 09:24:17'),(1444,2,151,'marilyn mongoose','Mocktails',0.00,'2016-09-14 09:24:17','2016-09-14 09:24:17'),(1445,2,152,'lemon ice tea','Mocktails',0.00,'2016-09-14 09:24:17','2016-09-14 09:24:17'),(1446,2,153,'peach ice tea','Mocktails',0.00,'2016-09-14 09:24:17','2016-09-14 09:24:17'),(1447,2,154,'blackcurrant ice tea','Mocktails',0.00,'2016-09-14 09:24:17','2016-09-14 09:24:17'),(1448,2,155,'fruit punch','Mocktails',0.00,'2016-09-14 09:24:17','2016-09-14 09:24:17'),(1449,2,156,'strawberry lemonade','Mocktails',0.00,'2016-09-14 09:24:17','2016-09-14 09:24:17'),(1450,2,157,'blue curacao lemonade','Mocktails',0.00,'2016-09-14 09:24:17','2016-09-14 09:24:17'),(1451,2,158,'green apple lemonade','Mocktails',0.00,'2016-09-14 09:24:17','2016-09-14 09:24:17'),(1452,2,159,'barking dog','Mocktails',0.00,'2016-09-14 09:24:17','2016-09-14 09:24:17'),(1453,2,160,'smooth operator','Mocktails',0.00,'2016-09-14 09:24:17','2016-09-14 09:24:17'),(1454,2,161,'caffeine berg','Mocktails',0.00,'2016-09-14 09:24:17','2016-09-14 09:24:17'),(1455,2,162,'green tea','Drinks',0.00,'2016-09-14 09:24:17','2016-09-14 09:24:17'),(1456,2,163,'espresso','Drinks',0.00,'2016-09-14 09:24:17','2016-09-14 09:24:17'),(1457,2,164,'cappuccino','Drinks',0.00,'2016-09-14 09:24:17','2016-09-14 09:24:17'),(1458,2,165,'fresh lemon soda','Drinks',0.00,'2016-09-14 09:24:17','2016-09-14 09:24:17'),(1459,2,166,'fresh lemon water','Drinks',0.00,'2016-09-14 09:24:17','2016-09-14 09:24:17'),(1460,2,167,'canned juice','Drinks',0.00,'2016-09-14 09:24:17','2016-09-14 09:24:17'),(1461,2,168,'bottled water','Drinks',0.00,'2016-09-14 09:24:17','2016-09-14 09:24:17'),(1462,2,169,'coke','Drinks',0.00,'2016-09-14 09:24:17','2016-09-14 09:24:17'),(1463,2,170,'sprite','Drinks',0.00,'2016-09-14 09:24:17','2016-09-14 09:24:17'),(1464,2,171,'soda','Drinks',0.00,'2016-09-14 09:24:17','2016-09-14 09:24:17'),(1465,2,172,'thums up','Drinks',0.00,'2016-09-14 09:24:17','2016-09-14 09:24:17'),(1466,2,173,'diet coke','Drinks',0.00,'2016-09-14 09:24:17','2016-09-14 09:24:17'),(1467,2,174,'coke zero','Drinks',0.00,'2016-09-14 09:24:17','2016-09-14 09:24:17'),(1468,2,175,'red bull','Drinks',0.00,'2016-09-14 09:24:17','2016-09-14 09:24:17'),(1469,2,176,'latte','Drinks',0.00,'2016-09-14 09:24:17','2016-09-14 09:24:17'),(1470,2,177,'milkshake','Mocktails',0.00,'2016-09-14 09:24:17','2016-09-14 09:24:17'),(1471,2,178,'mongolian rice chicken','Specials',0.00,'2016-09-14 09:24:17','2016-09-14 09:24:17'),(1472,2,179,'mongolian rice veg','Specials',0.00,'2016-09-14 09:24:17','2016-09-14 09:24:17'),(1473,2,180,'mongolian rice lamb','Specials',0.00,'2016-09-14 09:24:17','2016-09-14 09:24:17'),(1474,2,181,'cheese nachos','Mexican',0.00,'2016-09-14 09:24:17','2016-09-14 09:24:17'),(1475,2,182,'chicken nachos','Mexican',0.00,'2016-09-14 09:24:17','2016-09-14 09:24:17'),(1476,2,183,'beans nachos','Mexican',0.00,'2016-09-14 09:24:17','2016-09-14 09:24:17'),(1477,2,184,'pizza umbra','Pizza',0.00,'2016-09-14 09:24:17','2016-09-14 09:24:17'),(1478,2,185,'Piemonte','Pizza',0.00,'2016-09-14 09:24:17','2016-09-14 09:24:17'),(1479,2,186,'chicken parmigiana','Specials',0.00,'2016-09-14 09:24:17','2016-09-14 09:24:17'),(1480,2,187,'Plain water','',0.00,'2016-09-14 09:24:17','2016-09-14 09:24:17');
/*!40000 ALTER TABLE `menu_products` ENABLE KEYS */;
UNLOCK TABLES;

--
-- Table structure for table `menus`
--

DROP TABLE IF EXISTS `menus`;
/*!40101 SET @saved_cs_client     = @@character_set_client */;
/*!40101 SET character_set_client = utf8 */;
CREATE TABLE `menus` (
  `id` int(10) unsigned NOT NULL AUTO_INCREMENT,
  `menu_name` varchar(4000) COLLATE utf8_unicode_ci NOT NULL,
  `active` tinyint(1) NOT NULL DEFAULT '0',
  `created_at` timestamp NULL DEFAULT NULL,
  `updated_at` timestamp NULL DEFAULT NULL,
  `location_id` int(11) DEFAULT NULL,
  PRIMARY KEY (`id`)
) ENGINE=InnoDB AUTO_INCREMENT=3 DEFAULT CHARSET=utf8 COLLATE=utf8_unicode_ci;
/*!40101 SET character_set_client = @saved_cs_client */;

--
-- Dumping data for table `menus`
--

LOCK TABLES `menus` WRITE;
/*!40000 ALTER TABLE `menus` DISABLE KEYS */;
INSERT INTO `menus` VALUES (1,'charity',1,'2016-08-31 00:27:54','2016-08-31 00:33:01',2),(2,'testmenu',1,'2016-08-31 03:44:02','2016-09-14 09:24:06',1);
/*!40000 ALTER TABLE `menus` ENABLE KEYS */;
UNLOCK TABLES;

--
-- Table structure for table `migrations`
--

DROP TABLE IF EXISTS `migrations`;
/*!40101 SET @saved_cs_client     = @@character_set_client */;
/*!40101 SET character_set_client = utf8 */;
CREATE TABLE `migrations` (
  `migration` varchar(255) COLLATE utf8_unicode_ci NOT NULL,
  `batch` int(11) NOT NULL
) ENGINE=InnoDB DEFAULT CHARSET=utf8 COLLATE=utf8_unicode_ci;
/*!40101 SET character_set_client = @saved_cs_client */;

--
-- Dumping data for table `migrations`
--

LOCK TABLES `migrations` WRITE;
/*!40000 ALTER TABLE `migrations` DISABLE KEYS */;
INSERT INTO `migrations` VALUES ('2014_10_12_000000_create_users_table',2),('2014_10_12_100000_create_password_resets_table',3),('2016_07_21_092635_create_products_table',4),('2016_07_21_093152_create_product_modifiers_table',5),('2016_07_21_174601_remove_unique_constraints_products_table',6),('2016_07_24_083834_add_category_to_products_table',7),('2016_07_25_083411_create_product_modifier_groups_table',8),('2016_07_25_093807_upgrade-product_modifiers-table',9),('2016_07_27_075009_drop_unique_from_product_modifier_name_in_table',10),('2016_08_06_120303_create_bills_table',11),('2016_08_06_125926_create_order_items_table',12),('2016_08_13_041057_create_product_modifier_group_maps_table',13),('2016_08_15_052033_create_menus_table',14),('2016_08_17_095156_create_menu_products_table',15),('2016_08_17_095204_create_menu_product_modifiers_table',16),('2016_08_18_071044_update_menu_products_to_make_category_nullable',17),('2016_08_20_212713_update_bills_table_create_payment_text_columm',18),('2016_08_25_053539_create_acl_tables',19),('2016_08_25_055847_create_locations_table',19),('2016_08_31_050139_update_menu_table_with_location_id',20),('2016_09_14_112405_update_bills_table_with_bill_states_column',21),('2016_09_16_062015_add_orderItemtotalPrice_column_to_order_items',22);
/*!40000 ALTER TABLE `migrations` ENABLE KEYS */;
UNLOCK TABLES;

--
-- Table structure for table `order_items`
--

DROP TABLE IF EXISTS `order_items`;
/*!40101 SET @saved_cs_client     = @@character_set_client */;
/*!40101 SET character_set_client = utf8 */;
CREATE TABLE `order_items` (
  `id` int(10) unsigned NOT NULL AUTO_INCREMENT,
  `bill_id` int(11) NOT NULL,
  `product_id` int(11) DEFAULT NULL,
  `product_name` varchar(255) COLLATE utf8_unicode_ci NOT NULL,
  `product_code` varchar(255) COLLATE utf8_unicode_ci DEFAULT NULL,
  `order_item_quantity` decimal(16,2) DEFAULT '1.00',
  `order_item_price` decimal(16,2) NOT NULL,
  `order_item_price_change` tinyint(1) NOT NULL DEFAULT '0',
  `order_item_price_change_note` text COLLATE utf8_unicode_ci,
  `order_item_modifiers` text COLLATE utf8_unicode_ci,
  `deleted_at` timestamp NULL DEFAULT NULL,
  `created_at` timestamp NULL DEFAULT NULL,
  `updated_at` timestamp NULL DEFAULT NULL,
  `ticket_id` int(11) DEFAULT NULL,
  `warehouse_id` int(11) DEFAULT NULL,
  `department_id` int(11) DEFAULT NULL,
  `portion_name` varchar(4000) COLLATE utf8_unicode_ci DEFAULT NULL,
  `portion_id` int(11) DEFAULT NULL,
  `portion_count` int(11) DEFAULT NULL,
  `locked` tinyint(1) DEFAULT NULL,
  `calculate_price` tinyint(1) DEFAULT NULL,
  `increase_inventory` tinyint(1) DEFAULT NULL,
  `decrease_inventory` tinyint(1) DEFAULT NULL,
  `order_number` int(11) DEFAULT NULL,
  `creating_user_name` varchar(4000) COLLATE utf8_unicode_ci DEFAULT NULL,
  `creating_user_id` int(11) DEFAULT NULL,
  `account_transaction_type_id` int(11) DEFAULT NULL,
  `product_timer_id` int(11) DEFAULT NULL,
  `price_tag` varchar(4000) COLLATE utf8_unicode_ci DEFAULT NULL,
  `tag` varchar(4000) COLLATE utf8_unicode_ci DEFAULT NULL,
  `taxes` text COLLATE utf8_unicode_ci,
  `order_item_totalPrice` decimal(16,2) NOT NULL,
  PRIMARY KEY (`id`)
) ENGINE=InnoDB AUTO_INCREMENT=127 DEFAULT CHARSET=utf8 COLLATE=utf8_unicode_ci;
/*!40101 SET character_set_client = @saved_cs_client */;

--
-- Dumping data for table `order_items`
--

LOCK TABLES `order_items` WRITE;
/*!40000 ALTER TABLE `order_items` DISABLE KEYS */;
INSERT INTO `order_items` VALUES (1,1,NULL,'crostini melanzana','A1',1.00,430.00,0,'','[{\"name\":\"chicken\",\"price\":\"100\",\"maxselect\":\"3\",\"group\":\"extras\",\"qty\":1},{\"name\":\"lamb\",\"price\":\"150\",\"maxselect\":\"3\",\"group\":\"extras\",\"qty\":1},{\"name\":\"spaghetti\",\"price\":\"null\",\"maxselect\":\"1\",\"group\":\"pasta\",\"qty\":1}]',NULL,'2016-08-09 19:01:41','2016-08-09 19:01:41',NULL,NULL,NULL,NULL,NULL,NULL,NULL,NULL,NULL,NULL,NULL,NULL,NULL,NULL,NULL,NULL,NULL,NULL,0.00),(2,1,NULL,'pane aglio e formaggio','A6',1.00,90.00,0,'','[]',NULL,'2016-08-09 19:01:41','2016-08-09 19:01:41',NULL,NULL,NULL,NULL,NULL,NULL,NULL,NULL,NULL,NULL,NULL,NULL,NULL,NULL,NULL,NULL,NULL,NULL,0.00),(3,1,NULL,'pane aglio e verdure','A7',1.00,120.00,0,'','[]',NULL,'2016-08-09 19:01:41','2016-08-09 19:01:41',NULL,NULL,NULL,NULL,NULL,NULL,NULL,NULL,NULL,NULL,NULL,NULL,NULL,NULL,NULL,NULL,NULL,NULL,0.00),(4,1,NULL,'bruschetta pomodoro','A4',1.00,140.00,0,'','[]',NULL,'2016-08-09 19:01:41','2016-08-09 19:01:41',NULL,NULL,NULL,NULL,NULL,NULL,NULL,NULL,NULL,NULL,NULL,NULL,NULL,NULL,NULL,NULL,NULL,NULL,0.00),(5,1,NULL,'funghi trifolati','A10',1.00,300.00,0,'','[]',NULL,'2016-08-09 19:01:41','2016-08-09 19:01:41',NULL,NULL,NULL,NULL,NULL,NULL,NULL,NULL,NULL,NULL,NULL,NULL,NULL,NULL,NULL,NULL,NULL,NULL,0.00),(6,1,NULL,'antipasto del maiale','A15',1.00,300.00,0,'','[]',NULL,'2016-08-09 19:01:41','2016-08-09 19:01:41',NULL,NULL,NULL,NULL,NULL,NULL,NULL,NULL,NULL,NULL,NULL,NULL,NULL,NULL,NULL,NULL,NULL,NULL,0.00),(7,1,NULL,'carpaccio di salmone','A14',1.00,300.00,0,'','[]',NULL,'2016-08-09 19:01:41','2016-08-09 19:01:41',NULL,NULL,NULL,NULL,NULL,NULL,NULL,NULL,NULL,NULL,NULL,NULL,NULL,NULL,NULL,NULL,NULL,NULL,0.00),(8,1,NULL,'crostini con pollo e formaggio','A11',1.00,300.00,0,'','[]',NULL,'2016-08-09 19:01:41','2016-08-09 19:01:41',NULL,NULL,NULL,NULL,NULL,NULL,NULL,NULL,NULL,NULL,NULL,NULL,NULL,NULL,NULL,NULL,NULL,NULL,0.00),(9,2,NULL,'crostini melanzana','A1',1.00,200.00,0,'','[]',NULL,'2016-08-20 08:57:21','2016-08-20 08:57:21',NULL,NULL,NULL,NULL,NULL,NULL,NULL,NULL,NULL,NULL,NULL,NULL,NULL,NULL,NULL,NULL,NULL,NULL,0.00),(10,3,NULL,'crostini melanzana','A1',1.00,300.00,0,'','[{\"name\":\"chicken\",\"price\":\"100.00\",\"maxselect\":\"0\",\"group\":\"Extra Toppings\",\"qty\":1}]',NULL,'2016-08-20 08:57:37','2016-08-20 08:57:37',NULL,NULL,NULL,NULL,NULL,NULL,NULL,NULL,NULL,NULL,NULL,NULL,NULL,NULL,NULL,NULL,NULL,NULL,0.00),(11,4,NULL,'crostini melanzana','A1',1.00,200.00,0,'','[]',NULL,'2016-08-20 13:03:24','2016-08-20 13:03:24',NULL,NULL,NULL,NULL,NULL,NULL,NULL,NULL,NULL,NULL,NULL,NULL,NULL,NULL,NULL,NULL,NULL,NULL,0.00),(12,4,NULL,'funghi trifolati','A10',1.00,200.00,0,'','[]',NULL,'2016-08-20 13:03:24','2016-08-20 13:03:24',NULL,NULL,NULL,NULL,NULL,NULL,NULL,NULL,NULL,NULL,NULL,NULL,NULL,NULL,NULL,NULL,NULL,NULL,0.00),(13,4,NULL,'crostini con tonno','A18',1.00,100.00,0,'','[]',NULL,'2016-08-20 13:03:24','2016-08-20 13:03:24',NULL,NULL,NULL,NULL,NULL,NULL,NULL,NULL,NULL,NULL,NULL,NULL,NULL,NULL,NULL,NULL,NULL,NULL,0.00),(14,4,NULL,'crostini al forno','A2',1.00,100.00,0,'','[]',NULL,'2016-08-20 13:03:24','2016-08-20 13:03:24',NULL,NULL,NULL,NULL,NULL,NULL,NULL,NULL,NULL,NULL,NULL,NULL,NULL,NULL,NULL,NULL,NULL,NULL,0.00),(15,4,NULL,'peperoni arrosto','A9',1.00,100.00,0,'','[]',NULL,'2016-08-20 13:03:24','2016-08-20 13:03:24',NULL,NULL,NULL,NULL,NULL,NULL,NULL,NULL,NULL,NULL,NULL,NULL,NULL,NULL,NULL,NULL,NULL,NULL,0.00),(16,4,NULL,'crostini con tonno','A18',1.00,100.00,0,'','[]',NULL,'2016-08-20 13:03:24','2016-08-20 13:03:24',NULL,NULL,NULL,NULL,NULL,NULL,NULL,NULL,NULL,NULL,NULL,NULL,NULL,NULL,NULL,NULL,NULL,NULL,0.00),(17,5,NULL,'crostini al forno','A2',1.00,100.00,0,'','[]',NULL,'2016-08-20 13:56:58','2016-08-20 13:56:58',NULL,NULL,NULL,NULL,NULL,NULL,NULL,NULL,NULL,NULL,NULL,NULL,NULL,NULL,NULL,NULL,NULL,NULL,0.00),(18,5,NULL,'bruschetta pomodoro','A4',1.00,100.00,0,'','[]',NULL,'2016-08-20 13:56:58','2016-08-20 13:56:58',NULL,NULL,NULL,NULL,NULL,NULL,NULL,NULL,NULL,NULL,NULL,NULL,NULL,NULL,NULL,NULL,NULL,NULL,0.00),(19,5,NULL,'peperoni arrosto','A9',1.00,100.00,0,'','[]',NULL,'2016-08-20 13:56:58','2016-08-20 13:56:58',NULL,NULL,NULL,NULL,NULL,NULL,NULL,NULL,NULL,NULL,NULL,NULL,NULL,NULL,NULL,NULL,NULL,NULL,0.00),(20,5,NULL,'pollo e limone','A16',1.00,200.00,0,'','[]',NULL,'2016-08-20 13:56:58','2016-08-20 13:56:58',NULL,NULL,NULL,NULL,NULL,NULL,NULL,NULL,NULL,NULL,NULL,NULL,NULL,NULL,NULL,NULL,NULL,NULL,0.00),(21,5,NULL,'funghi ripieni di verdure','A23',1.00,200.00,0,'','[]',NULL,'2016-08-20 13:56:58','2016-08-20 13:56:58',NULL,NULL,NULL,NULL,NULL,NULL,NULL,NULL,NULL,NULL,NULL,NULL,NULL,NULL,NULL,NULL,NULL,NULL,0.00),(22,5,NULL,'carpaccio di salmone','A14',1.00,200.00,0,'','[]',NULL,'2016-08-20 13:56:58','2016-08-20 13:56:58',NULL,NULL,NULL,NULL,NULL,NULL,NULL,NULL,NULL,NULL,NULL,NULL,NULL,NULL,NULL,NULL,NULL,NULL,0.00),(23,6,NULL,'pane aglio','A5',1.00,200.00,0,'','[]',NULL,'2016-08-20 14:44:50','2016-08-20 14:44:50',NULL,NULL,NULL,NULL,NULL,NULL,NULL,NULL,NULL,NULL,NULL,NULL,NULL,NULL,NULL,NULL,NULL,NULL,0.00),(24,7,NULL,'insalata mista','B3',1.00,100.00,0,'','[]',NULL,'2016-08-20 14:51:28','2016-08-20 14:51:28',NULL,NULL,NULL,NULL,NULL,NULL,NULL,NULL,NULL,NULL,NULL,NULL,NULL,NULL,NULL,NULL,NULL,NULL,0.00),(25,7,NULL,'insalata verde di pollo','B5',1.00,200.00,0,'','[]',NULL,'2016-08-20 14:51:29','2016-08-20 14:51:29',NULL,NULL,NULL,NULL,NULL,NULL,NULL,NULL,NULL,NULL,NULL,NULL,NULL,NULL,NULL,NULL,NULL,NULL,0.00),(26,7,NULL,'insalata vecchi monaco','B11',1.00,200.00,0,'','[]',NULL,'2016-08-20 14:51:29','2016-08-20 14:51:29',NULL,NULL,NULL,NULL,NULL,NULL,NULL,NULL,NULL,NULL,NULL,NULL,NULL,NULL,NULL,NULL,NULL,NULL,0.00),(27,8,NULL,'crostini melanzana','A1',1.00,200.00,0,'','[]',NULL,'2016-08-20 15:39:05','2016-08-20 15:39:05',NULL,NULL,NULL,NULL,NULL,NULL,NULL,NULL,NULL,NULL,NULL,NULL,NULL,NULL,NULL,NULL,NULL,NULL,0.00),(28,8,NULL,'pane aglio','A5',1.00,200.00,0,'','[]',NULL,'2016-08-20 15:39:05','2016-08-20 15:39:05',NULL,NULL,NULL,NULL,NULL,NULL,NULL,NULL,NULL,NULL,NULL,NULL,NULL,NULL,NULL,NULL,NULL,NULL,0.00),(29,8,NULL,'antipasto del maiale','A15',1.00,100.00,0,'','[]',NULL,'2016-08-20 15:39:05','2016-08-20 15:39:05',NULL,NULL,NULL,NULL,NULL,NULL,NULL,NULL,NULL,NULL,NULL,NULL,NULL,NULL,NULL,NULL,NULL,NULL,0.00),(30,9,NULL,'pane aglio e verdure ','A7',1.00,200.00,0,'','[]',NULL,'2016-08-20 15:39:36','2016-08-20 15:39:36',NULL,NULL,NULL,NULL,NULL,NULL,NULL,NULL,NULL,NULL,NULL,NULL,NULL,NULL,NULL,NULL,NULL,NULL,0.00),(31,9,NULL,'insalata caprese','A8',1.00,200.00,0,'','[]',NULL,'2016-08-20 15:39:36','2016-08-20 15:39:36',NULL,NULL,NULL,NULL,NULL,NULL,NULL,NULL,NULL,NULL,NULL,NULL,NULL,NULL,NULL,NULL,NULL,NULL,0.00),(32,9,NULL,'carpaccio di salmone','A14',1.00,200.00,0,'','[]',NULL,'2016-08-20 15:39:36','2016-08-20 15:39:36',NULL,NULL,NULL,NULL,NULL,NULL,NULL,NULL,NULL,NULL,NULL,NULL,NULL,NULL,NULL,NULL,NULL,NULL,0.00),(33,9,NULL,'salsa jalapeno','A22',1.00,100.00,0,'','[]',NULL,'2016-08-20 15:39:36','2016-08-20 15:39:36',NULL,NULL,NULL,NULL,NULL,NULL,NULL,NULL,NULL,NULL,NULL,NULL,NULL,NULL,NULL,NULL,NULL,NULL,0.00),(34,10,NULL,'crostini verdure ','A25',1.00,100.00,0,'','[]',NULL,'2016-08-20 15:45:56','2016-08-20 15:45:56',NULL,NULL,NULL,NULL,NULL,NULL,NULL,NULL,NULL,NULL,NULL,NULL,NULL,NULL,NULL,NULL,NULL,NULL,0.00),(35,10,NULL,'pane aglio','A5',1.00,200.00,0,'','[]',NULL,'2016-08-20 15:45:56','2016-08-20 15:45:56',NULL,NULL,NULL,NULL,NULL,NULL,NULL,NULL,NULL,NULL,NULL,NULL,NULL,NULL,NULL,NULL,NULL,NULL,0.00),(36,10,NULL,'pollo e limone','A16',1.00,200.00,0,'','[]',NULL,'2016-08-20 15:45:56','2016-08-20 15:45:56',NULL,NULL,NULL,NULL,NULL,NULL,NULL,NULL,NULL,NULL,NULL,NULL,NULL,NULL,NULL,NULL,NULL,NULL,0.00),(37,10,NULL,'crostini melanzana','A1',1.00,200.00,0,'','[]',NULL,'2016-08-20 15:45:56','2016-08-20 15:45:56',NULL,NULL,NULL,NULL,NULL,NULL,NULL,NULL,NULL,NULL,NULL,NULL,NULL,NULL,NULL,NULL,NULL,NULL,0.00),(38,12,NULL,'crostini verdure ','A25',1.00,100.00,0,'','[]',NULL,'2016-08-20 16:06:52','2016-08-20 16:06:52',NULL,NULL,NULL,NULL,NULL,NULL,NULL,NULL,NULL,NULL,NULL,NULL,NULL,NULL,NULL,NULL,NULL,NULL,0.00),(39,12,NULL,'crostini con pollo e formaggio','A11',1.00,100.00,0,'','[]',NULL,'2016-08-20 16:06:52','2016-08-20 16:06:52',NULL,NULL,NULL,NULL,NULL,NULL,NULL,NULL,NULL,NULL,NULL,NULL,NULL,NULL,NULL,NULL,NULL,NULL,0.00),(40,13,NULL,'crostini verdure ','A25',1.00,100.00,0,'','[]',NULL,'2016-08-20 16:42:59','2016-08-20 16:42:59',NULL,NULL,NULL,NULL,NULL,NULL,NULL,NULL,NULL,NULL,NULL,NULL,NULL,NULL,NULL,NULL,NULL,NULL,0.00),(41,14,NULL,'crostini verdure ','A25',1.00,100.00,0,'','[]',NULL,'2016-08-22 02:34:43','2016-08-22 02:34:43',NULL,NULL,NULL,NULL,NULL,NULL,NULL,NULL,NULL,NULL,NULL,NULL,NULL,NULL,NULL,NULL,NULL,NULL,0.00),(42,14,NULL,'pane aglio','A5',1.00,200.00,0,'','[]',NULL,'2016-08-22 02:34:43','2016-08-22 02:34:43',NULL,NULL,NULL,NULL,NULL,NULL,NULL,NULL,NULL,NULL,NULL,NULL,NULL,NULL,NULL,NULL,NULL,NULL,0.00),(43,14,NULL,'funghi ripieni di pollo','A24',1.00,300.00,0,'','[{\"name\":\"lamb\",\"price\":\"200.00\",\"maxselect\":\"0\",\"group\":\"Extra Toppings\",\"qty\":1},{\"name\":\"medium spicy\",\"price\":\"null\",\"maxselect\":\"1\",\"group\":\"Cooking Instructions\",\"qty\":1}]',NULL,'2016-08-22 02:34:43','2016-08-22 02:34:43',NULL,NULL,NULL,NULL,NULL,NULL,NULL,NULL,NULL,NULL,NULL,NULL,NULL,NULL,NULL,NULL,NULL,NULL,0.00),(44,15,NULL,'pane aglio e verdure ','A7',1.00,200.00,0,'','[]',NULL,'2016-08-22 02:54:52','2016-08-22 02:54:52',NULL,NULL,NULL,NULL,NULL,NULL,NULL,NULL,NULL,NULL,NULL,NULL,NULL,NULL,NULL,NULL,NULL,NULL,0.00),(45,15,NULL,'insalata caprese','A8',1.00,200.00,0,'','[]',NULL,'2016-08-22 02:54:52','2016-08-22 02:54:52',NULL,NULL,NULL,NULL,NULL,NULL,NULL,NULL,NULL,NULL,NULL,NULL,NULL,NULL,NULL,NULL,NULL,NULL,0.00),(46,15,NULL,'pane aglio','A5',1.00,200.00,0,'','[]',NULL,'2016-08-22 02:54:52','2016-08-22 02:54:52',NULL,NULL,NULL,NULL,NULL,NULL,NULL,NULL,NULL,NULL,NULL,NULL,NULL,NULL,NULL,NULL,NULL,NULL,0.00),(47,15,NULL,'funghi ripieni di pollo','A24',1.00,100.00,0,'','[]',NULL,'2016-08-22 02:54:52','2016-08-22 02:54:52',NULL,NULL,NULL,NULL,NULL,NULL,NULL,NULL,NULL,NULL,NULL,NULL,NULL,NULL,NULL,NULL,NULL,NULL,0.00),(48,16,NULL,'insalata caprese','A8',1.00,200.00,0,'','[]',NULL,'2016-08-25 00:02:58','2016-08-25 00:02:58',NULL,NULL,NULL,NULL,NULL,NULL,NULL,NULL,NULL,NULL,NULL,NULL,NULL,NULL,NULL,NULL,NULL,NULL,0.00),(49,16,NULL,'pizza sovrano','P19',1.00,750.00,0,'','[{\"name\":\"thick sauce\",\"price\":\"null\",\"maxselect\":\"1\",\"group\":\"Cooking Instructions\",\"qty\":1},{\"name\":\"bacon\",\"price\":\"300.00\",\"maxselect\":\"0\",\"group\":\"Extra Toppings\",\"qty\":1},{\"name\":\"red yellow bell peppers\",\"price\":\"50.00\",\"maxselect\":\"0\",\"group\":\"Extra Toppings\",\"qty\":1}]',NULL,'2016-08-25 00:02:58','2016-08-25 00:02:58',NULL,NULL,NULL,NULL,NULL,NULL,NULL,NULL,NULL,NULL,NULL,NULL,NULL,NULL,NULL,NULL,NULL,NULL,0.00),(50,16,NULL,'lasagne di agnello','C5',1.00,200.00,0,'','[]',NULL,'2016-08-25 00:02:58','2016-08-25 00:02:58',NULL,NULL,NULL,NULL,NULL,NULL,NULL,NULL,NULL,NULL,NULL,NULL,NULL,NULL,NULL,NULL,NULL,NULL,0.00),(51,16,NULL,'crespelle di funghi','C7',1.00,300.00,0,'','[{\"name\":\"al dente\",\"price\":\"null\",\"maxselect\":\"1\",\"group\":\"Cooking Instructions\",\"qty\":1},{\"name\":\"well cooked\",\"price\":\"null\",\"maxselect\":\"1\",\"group\":\"Cooking Instructions\",\"qty\":1}]',NULL,'2016-08-25 00:02:58','2016-08-25 00:02:58',NULL,NULL,NULL,NULL,NULL,NULL,NULL,NULL,NULL,NULL,NULL,NULL,NULL,NULL,NULL,NULL,NULL,NULL,0.00),(52,17,NULL,'crostini melanzana','A1',1.00,200.00,0,'','[]',NULL,'2016-08-25 03:23:35','2016-08-25 03:23:35',NULL,NULL,NULL,NULL,NULL,NULL,NULL,NULL,NULL,NULL,NULL,NULL,NULL,NULL,NULL,NULL,NULL,NULL,0.00),(53,17,NULL,'pollo e limone','A16',1.00,200.00,0,'','[]',NULL,'2016-08-25 03:23:35','2016-08-25 03:23:35',NULL,NULL,NULL,NULL,NULL,NULL,NULL,NULL,NULL,NULL,NULL,NULL,NULL,NULL,NULL,NULL,NULL,NULL,0.00),(54,17,NULL,'crostini con tonno','A18',1.00,100.00,0,'','[]',NULL,'2016-08-25 03:23:35','2016-08-25 03:23:35',NULL,NULL,NULL,NULL,NULL,NULL,NULL,NULL,NULL,NULL,NULL,NULL,NULL,NULL,NULL,NULL,NULL,NULL,0.00),(55,17,NULL,'broccoli strascinati','A31',1.00,100.00,0,'','[]',NULL,'2016-08-25 03:23:35','2016-08-25 03:23:35',NULL,NULL,NULL,NULL,NULL,NULL,NULL,NULL,NULL,NULL,NULL,NULL,NULL,NULL,NULL,NULL,NULL,NULL,0.00),(56,18,NULL,'crostini verdure ','A25',1.00,100.00,0,'','[]',NULL,'2016-08-25 03:57:18','2016-08-25 03:57:18',NULL,NULL,NULL,NULL,NULL,NULL,NULL,NULL,NULL,NULL,NULL,NULL,NULL,NULL,NULL,NULL,NULL,NULL,0.00),(57,18,NULL,'crostini con tonno','A18',1.00,100.00,0,'','[]',NULL,'2016-08-25 03:57:18','2016-08-25 03:57:18',NULL,NULL,NULL,NULL,NULL,NULL,NULL,NULL,NULL,NULL,NULL,NULL,NULL,NULL,NULL,NULL,NULL,NULL,0.00),(58,18,NULL,'pane aglio','A5',1.00,200.00,0,'','[]',NULL,'2016-08-25 03:57:18','2016-08-25 03:57:18',NULL,NULL,NULL,NULL,NULL,NULL,NULL,NULL,NULL,NULL,NULL,NULL,NULL,NULL,NULL,NULL,NULL,NULL,0.00),(59,21,NULL,'pane aglio e verdure ','A7',1.00,200.00,0,'','[]',NULL,'2016-08-25 04:28:18','2016-08-25 04:28:18',NULL,NULL,NULL,NULL,NULL,NULL,NULL,NULL,NULL,NULL,NULL,NULL,NULL,NULL,NULL,NULL,NULL,NULL,0.00),(60,21,NULL,'peperoni arrosto','A9',1.00,200.00,0,'','[{\"name\":\"no mushrooms\",\"price\":\"null\",\"maxselect\":\"1\",\"group\":\"Cooking Instructions\",\"qty\":1},{\"name\":\"chicken\",\"price\":\"100.00\",\"maxselect\":\"0\",\"group\":\"Extra Toppings\",\"qty\":1}]',NULL,'2016-08-25 04:28:18','2016-08-25 04:28:18',NULL,NULL,NULL,NULL,NULL,NULL,NULL,NULL,NULL,NULL,NULL,NULL,NULL,NULL,NULL,NULL,NULL,NULL,0.00),(61,23,NULL,'crostini melanzana','A1',1.00,200.00,0,'','[]',NULL,'2016-08-25 04:45:21','2016-08-25 04:45:21',NULL,NULL,NULL,NULL,NULL,NULL,NULL,NULL,NULL,NULL,NULL,NULL,NULL,NULL,NULL,NULL,NULL,NULL,0.00),(62,23,NULL,'crostini con pollo e formaggio','A11',1.00,100.00,0,'','[]',NULL,'2016-08-25 04:45:21','2016-08-25 04:45:21',NULL,NULL,NULL,NULL,NULL,NULL,NULL,NULL,NULL,NULL,NULL,NULL,NULL,NULL,NULL,NULL,NULL,NULL,0.00),(63,24,NULL,'crostini melanzana','A1',1.00,200.00,0,'','[]',NULL,'2016-08-25 04:45:53','2016-08-25 04:45:53',NULL,NULL,NULL,NULL,NULL,NULL,NULL,NULL,NULL,NULL,NULL,NULL,NULL,NULL,NULL,NULL,NULL,NULL,0.00),(64,25,NULL,'bruschetta pomodoro','A4',1.00,100.00,0,'','[]',NULL,'2016-08-25 04:46:44','2016-08-25 04:46:44',NULL,NULL,NULL,NULL,NULL,NULL,NULL,NULL,NULL,NULL,NULL,NULL,NULL,NULL,NULL,NULL,NULL,NULL,0.00),(65,26,NULL,'crostini al forno','A2',1.00,100.00,0,'','[]',NULL,'2016-08-25 04:58:39','2016-08-25 04:58:39',NULL,NULL,NULL,NULL,NULL,NULL,NULL,NULL,NULL,NULL,NULL,NULL,NULL,NULL,NULL,NULL,NULL,NULL,0.00),(66,26,NULL,'peperoni arrosto','A9',1.00,100.00,0,'','[]',NULL,'2016-08-25 04:58:39','2016-08-25 04:58:39',NULL,NULL,NULL,NULL,NULL,NULL,NULL,NULL,NULL,NULL,NULL,NULL,NULL,NULL,NULL,NULL,NULL,NULL,0.00),(67,27,NULL,'crostini al forno','A2',1.00,100.00,0,'','[]',NULL,'2016-08-25 05:01:12','2016-08-25 05:01:12',NULL,NULL,NULL,NULL,NULL,NULL,NULL,NULL,NULL,NULL,NULL,NULL,NULL,NULL,NULL,NULL,NULL,NULL,0.00),(68,28,NULL,'crostini al forno','A2',1.00,100.00,0,'','[]',NULL,'2016-08-25 05:04:35','2016-08-25 05:04:35',NULL,NULL,NULL,NULL,NULL,NULL,NULL,NULL,NULL,NULL,NULL,NULL,NULL,NULL,NULL,NULL,NULL,NULL,0.00),(69,28,NULL,'pollo e limone','A16',1.00,200.00,0,'','[]',NULL,'2016-08-25 05:04:35','2016-08-25 05:04:35',NULL,NULL,NULL,NULL,NULL,NULL,NULL,NULL,NULL,NULL,NULL,NULL,NULL,NULL,NULL,NULL,NULL,NULL,0.00),(70,28,NULL,'salsa spinaci','A21',1.00,200.00,0,'','[]',NULL,'2016-08-25 05:04:35','2016-08-25 05:04:35',NULL,NULL,NULL,NULL,NULL,NULL,NULL,NULL,NULL,NULL,NULL,NULL,NULL,NULL,NULL,NULL,NULL,NULL,0.00),(71,29,NULL,'crostini al forno','A2',1.00,100.00,0,'','[]',NULL,'2016-08-25 05:09:01','2016-08-25 05:09:01',NULL,NULL,NULL,NULL,NULL,NULL,NULL,NULL,NULL,NULL,NULL,NULL,NULL,NULL,NULL,NULL,NULL,NULL,0.00),(72,29,NULL,'peperoni arrosto','A9',1.00,100.00,0,'','[]',NULL,'2016-08-25 05:09:01','2016-08-25 05:09:01',NULL,NULL,NULL,NULL,NULL,NULL,NULL,NULL,NULL,NULL,NULL,NULL,NULL,NULL,NULL,NULL,NULL,NULL,0.00),(73,30,NULL,'crostini al forno','A2',1.00,100.00,0,'','[]',NULL,'2016-08-25 05:26:11','2016-08-25 05:26:11',NULL,NULL,NULL,NULL,NULL,NULL,NULL,NULL,NULL,NULL,NULL,NULL,NULL,NULL,NULL,NULL,NULL,NULL,0.00),(74,30,NULL,'crostini con pollo e formaggio','A11',1.00,100.00,0,'','[]',NULL,'2016-08-25 05:26:11','2016-08-25 05:26:11',NULL,NULL,NULL,NULL,NULL,NULL,NULL,NULL,NULL,NULL,NULL,NULL,NULL,NULL,NULL,NULL,NULL,NULL,0.00),(75,31,NULL,'crostini melanzana','A1',1.00,200.00,0,'','[]',NULL,'2016-08-31 03:46:03','2016-08-31 03:46:03',NULL,NULL,NULL,NULL,NULL,NULL,NULL,NULL,NULL,NULL,NULL,NULL,NULL,NULL,NULL,NULL,NULL,NULL,0.00),(76,31,NULL,'pane aglio','A5',1.00,200.00,0,'','[]',NULL,'2016-08-31 03:46:03','2016-08-31 03:46:03',NULL,NULL,NULL,NULL,NULL,NULL,NULL,NULL,NULL,NULL,NULL,NULL,NULL,NULL,NULL,NULL,NULL,NULL,0.00),(77,31,NULL,'carpaccio di salmone','A14',1.00,200.00,0,'','[]',NULL,'2016-08-31 03:46:03','2016-08-31 03:46:03',NULL,NULL,NULL,NULL,NULL,NULL,NULL,NULL,NULL,NULL,NULL,NULL,NULL,NULL,NULL,NULL,NULL,NULL,0.00),(78,31,NULL,'crostini con pollo e formaggio','A11',1.00,200.00,0,'','[]',NULL,'2016-08-31 03:46:03','2016-08-31 03:46:03',NULL,NULL,NULL,NULL,NULL,NULL,NULL,NULL,NULL,NULL,NULL,NULL,NULL,NULL,NULL,NULL,NULL,NULL,0.00),(79,31,NULL,'crostini con tonno','A18',1.00,200.00,0,'','[]',NULL,'2016-08-31 03:46:03','2016-08-31 03:46:03',NULL,NULL,NULL,NULL,NULL,NULL,NULL,NULL,NULL,NULL,NULL,NULL,NULL,NULL,NULL,NULL,NULL,NULL,0.00),(80,31,NULL,'funghi trifolati','A10',1.00,200.00,0,'','[]',NULL,'2016-08-31 03:46:03','2016-08-31 03:46:03',NULL,NULL,NULL,NULL,NULL,NULL,NULL,NULL,NULL,NULL,NULL,NULL,NULL,NULL,NULL,NULL,NULL,NULL,0.00),(81,32,NULL,'crostini al forno','A2',1.00,100.00,0,'','[]',NULL,'2016-08-31 05:18:27','2016-08-31 05:18:27',NULL,NULL,NULL,NULL,NULL,NULL,NULL,NULL,NULL,NULL,NULL,NULL,NULL,NULL,NULL,NULL,NULL,NULL,0.00),(82,32,NULL,'crostini verdure ','A25',1.00,100.00,0,'','[]',NULL,'2016-08-31 05:18:27','2016-08-31 05:18:27',NULL,NULL,NULL,NULL,NULL,NULL,NULL,NULL,NULL,NULL,NULL,NULL,NULL,NULL,NULL,NULL,NULL,NULL,0.00),(83,32,NULL,'insalata caprese','A8',1.00,100.00,0,'','[]',NULL,'2016-08-31 05:18:27','2016-08-31 05:18:27',NULL,NULL,NULL,NULL,NULL,NULL,NULL,NULL,NULL,NULL,NULL,NULL,NULL,NULL,NULL,NULL,NULL,NULL,0.00),(84,32,NULL,'crostini con pollo e formaggio','A11',1.00,100.00,0,'','[]',NULL,'2016-08-31 05:18:27','2016-08-31 05:18:27',NULL,NULL,NULL,NULL,NULL,NULL,NULL,NULL,NULL,NULL,NULL,NULL,NULL,NULL,NULL,NULL,NULL,NULL,0.00),(85,33,NULL,'crostini melanzana','A1',1.00,100.00,0,'','[{\"name\":\"more cheese\",\"price\":\"null\",\"maxselect\":\"1\",\"group\":\"Cooking Instructions\",\"qty\":1},{\"name\":\"thick sauce\",\"price\":\"null\",\"maxselect\":\"1\",\"group\":\"Cooking Instructions\",\"qty\":1},{\"name\":\"medium spicy\",\"price\":\"null\",\"maxselect\":\"1\",\"group\":\"Cooking Instructions\",\"qty\":1}]',NULL,'2016-09-08 10:19:03','2016-09-08 10:19:03',NULL,NULL,NULL,NULL,NULL,NULL,NULL,NULL,NULL,NULL,NULL,NULL,NULL,NULL,NULL,NULL,NULL,NULL,0.00),(86,33,NULL,'insalata pomodoro','B1',1.00,100.00,0,'','[]',NULL,'2016-09-08 10:19:03','2016-09-08 10:19:03',NULL,NULL,NULL,NULL,NULL,NULL,NULL,NULL,NULL,NULL,NULL,NULL,NULL,NULL,NULL,NULL,NULL,NULL,0.00),(87,33,NULL,'insalata mista','B3',1.00,100.00,0,'','[]',NULL,'2016-09-08 10:19:03','2016-09-08 10:19:03',NULL,NULL,NULL,NULL,NULL,NULL,NULL,NULL,NULL,NULL,NULL,NULL,NULL,NULL,NULL,NULL,NULL,NULL,0.00),(88,33,NULL,'pasta napoletana','D1',1.00,0.00,0,'','[{\"name\":\"spinach ravioli\",\"price\":\"null\",\"maxselect\":\"1\",\"group\":\"Pasta\",\"qty\":1}]',NULL,'2016-09-08 10:19:04','2016-09-08 10:19:04',NULL,NULL,NULL,NULL,NULL,NULL,NULL,NULL,NULL,NULL,NULL,NULL,NULL,NULL,NULL,NULL,NULL,NULL,0.00),(89,34,NULL,'crostini melanzana','A1',1.00,100.00,0,'','[{\"name\":\"no spicy\",\"price\":\"null\",\"maxselect\":\"1\",\"group\":\"Cooking Instructions\",\"qty\":1},{\"name\":\"more cheese\",\"price\":\"null\",\"maxselect\":\"1\",\"group\":\"Cooking Instructions\",\"qty\":1}]',NULL,'2016-09-12 12:30:32','2016-09-12 12:30:32',NULL,NULL,NULL,NULL,NULL,NULL,NULL,NULL,NULL,NULL,NULL,NULL,NULL,NULL,NULL,NULL,NULL,NULL,0.00),(90,35,NULL,'crostini melanzana','A1',1.00,100.00,0,'','[]',NULL,'2016-09-12 12:40:40','2016-09-12 12:40:40',NULL,NULL,NULL,NULL,NULL,NULL,NULL,NULL,NULL,NULL,NULL,NULL,NULL,NULL,NULL,NULL,NULL,NULL,0.00),(91,35,NULL,'pane aglio e verdure ','A7',1.00,100.00,0,'','[{\"name\":\"no spicy\",\"price\":\"null\",\"maxselect\":\"1\",\"group\":\"Cooking Instructions\",\"qty\":1},{\"name\":\"chicken\",\"price\":\"null\",\"maxselect\":\"0\",\"group\":\"Extra Toppings\",\"qty\":1}]',NULL,'2016-09-12 12:40:40','2016-09-12 12:40:40',NULL,NULL,NULL,NULL,NULL,NULL,NULL,NULL,NULL,NULL,NULL,NULL,NULL,NULL,NULL,NULL,NULL,NULL,0.00),(92,36,NULL,'crostini melanzana','A1',1.00,100.00,0,'','[]',NULL,'2016-09-14 05:33:09','2016-09-14 05:33:09',NULL,NULL,NULL,NULL,NULL,NULL,NULL,NULL,NULL,NULL,NULL,NULL,NULL,NULL,NULL,NULL,NULL,NULL,0.00),(93,36,NULL,'pasta sugo alla matriciana','D24',1.00,400.00,0,'','[{\"name\":\"soy inc\",\"price\":null,\"maxselect\":\"1\",\"group\":\"Inc Modifiers\",\"qty\":1},{\"name\":\"penne\",\"price\":\"null\",\"maxselect\":\"1\",\"group\":\"Pasta\",\"qty\":1},{\"name\":\"lamb inc\",\"price\":null,\"maxselect\":\"1\",\"group\":\"Inc Modifiers\",\"qty\":1}]',NULL,'2016-09-14 05:33:09','2016-09-14 05:33:09',NULL,NULL,NULL,NULL,NULL,NULL,NULL,NULL,NULL,NULL,NULL,NULL,NULL,NULL,NULL,NULL,NULL,NULL,0.00),(94,37,NULL,'crostini melanzana','A1',1.00,100.00,0,'','[]',NULL,'2016-09-14 06:06:49','2016-09-14 06:06:49',NULL,NULL,NULL,NULL,NULL,NULL,NULL,NULL,NULL,NULL,NULL,NULL,NULL,NULL,NULL,NULL,NULL,NULL,0.00),(95,37,NULL,'pollo e limone','A16',1.00,100.00,0,'','[]',NULL,'2016-09-14 06:06:49','2016-09-14 06:06:49',NULL,NULL,NULL,NULL,NULL,NULL,NULL,NULL,NULL,NULL,NULL,NULL,NULL,NULL,NULL,NULL,NULL,NULL,0.00),(96,37,NULL,'crostini con tonno','A18',1.00,100.00,0,'','[]',NULL,'2016-09-14 06:06:49','2016-09-14 06:06:49',NULL,NULL,NULL,NULL,NULL,NULL,NULL,NULL,NULL,NULL,NULL,NULL,NULL,NULL,NULL,NULL,NULL,NULL,0.00),(97,38,NULL,'crostini melanzana','A1',1.00,100.00,0,'','[]',NULL,'2016-09-14 06:07:29','2016-09-14 06:07:29',NULL,NULL,NULL,NULL,NULL,NULL,NULL,NULL,NULL,NULL,NULL,NULL,NULL,NULL,NULL,NULL,NULL,NULL,0.00),(98,38,NULL,'insalata caprese','A8',1.00,100.00,0,'','[]',NULL,'2016-09-14 06:07:29','2016-09-14 06:07:29',NULL,NULL,NULL,NULL,NULL,NULL,NULL,NULL,NULL,NULL,NULL,NULL,NULL,NULL,NULL,NULL,NULL,NULL,0.00),(99,39,NULL,'pane aglio e verdure ','A7',1.00,100.00,0,'','[]',NULL,'2016-09-14 06:09:40','2016-09-14 06:09:40',NULL,NULL,NULL,NULL,NULL,NULL,NULL,NULL,NULL,NULL,NULL,NULL,NULL,NULL,NULL,NULL,NULL,NULL,0.00),(100,39,NULL,'funghi trifolati','A10',1.00,100.00,0,'','[]',NULL,'2016-09-14 06:09:40','2016-09-14 06:09:40',NULL,NULL,NULL,NULL,NULL,NULL,NULL,NULL,NULL,NULL,NULL,NULL,NULL,NULL,NULL,NULL,NULL,NULL,0.00),(101,40,NULL,'crostini melanzana','A1',1.00,100.00,0,'','[]',NULL,'2016-09-14 06:11:45','2016-09-14 06:11:45',NULL,NULL,NULL,NULL,NULL,NULL,NULL,NULL,NULL,NULL,NULL,NULL,NULL,NULL,NULL,NULL,NULL,NULL,0.00),(102,40,NULL,'insalata caprese','A8',1.00,100.00,0,'','[]',NULL,'2016-09-14 06:11:45','2016-09-14 06:11:45',NULL,NULL,NULL,NULL,NULL,NULL,NULL,NULL,NULL,NULL,NULL,NULL,NULL,NULL,NULL,NULL,NULL,NULL,0.00),(103,40,NULL,'peperoni arrosto','A9',1.00,100.00,0,'','[{\"name\":\"no onion garlic\",\"price\":\"null\",\"maxselect\":\"1\",\"group\":\"Cooking Instructions\",\"qty\":1},{\"name\":\"chicken\",\"price\":\"80.00\",\"maxselect\":\"0\",\"group\":\"Extra Toppings\",\"qty\":1}]',NULL,'2016-09-14 06:11:45','2016-09-14 06:11:45',NULL,NULL,NULL,NULL,NULL,NULL,NULL,NULL,NULL,NULL,NULL,NULL,NULL,NULL,NULL,NULL,NULL,NULL,0.00),(104,40,NULL,'pasta sugo alla matriciana','D24',1.00,100.00,0,'','[{\"name\":\"soy inc\",\"price\":null,\"maxselect\":\"1\",\"group\":\"Inc Modifiers\",\"qty\":1},{\"name\":\"penne\",\"price\":\"null\",\"maxselect\":\"1\",\"group\":\"Pasta\",\"qty\":1}]',NULL,'2016-09-14 06:11:45','2016-09-14 06:11:45',NULL,NULL,NULL,NULL,NULL,NULL,NULL,NULL,NULL,NULL,NULL,NULL,NULL,NULL,NULL,NULL,NULL,NULL,0.00),(105,40,NULL,'pasta sugo alla matriciana','D24',1.00,0.00,0,'','[{\"name\":\"penne\",\"price\":\"null\",\"maxselect\":\"1\",\"group\":\"Pasta\",\"qty\":1}]',NULL,'2016-09-14 06:11:45','2016-09-14 06:11:45',NULL,NULL,NULL,NULL,NULL,NULL,NULL,NULL,NULL,NULL,NULL,NULL,NULL,NULL,NULL,NULL,NULL,NULL,0.00),(106,41,NULL,'crostini melanzana','A1',2.00,100.00,0,'','[{\"name\":\"chicken\",\"price\":\"80.00\",\"maxselect\":\"0\",\"group\":\"Extra Toppings\",\"qty\":1}]',NULL,'2016-09-14 16:35:52','2016-09-14 16:35:52',NULL,NULL,NULL,NULL,NULL,NULL,NULL,NULL,NULL,NULL,NULL,NULL,NULL,NULL,NULL,NULL,NULL,NULL,0.00),(107,41,NULL,'crostini al forno','A2',1.00,100.00,0,'','[]',NULL,'2016-09-14 16:35:53','2016-09-14 16:35:53',NULL,NULL,NULL,NULL,NULL,NULL,NULL,NULL,NULL,NULL,NULL,NULL,NULL,NULL,NULL,NULL,NULL,NULL,0.00),(108,41,NULL,'crostini assortiti','A3',1.00,100.00,0,'','[]',NULL,'2016-09-14 16:35:53','2016-09-14 16:35:53',NULL,NULL,NULL,NULL,NULL,NULL,NULL,NULL,NULL,NULL,NULL,NULL,NULL,NULL,NULL,NULL,NULL,NULL,0.00),(109,41,NULL,'antipasto del maiale','A15',1.00,100.00,0,'','[]',NULL,'2016-09-14 16:35:53','2016-09-14 16:35:53',NULL,NULL,NULL,NULL,NULL,NULL,NULL,NULL,NULL,NULL,NULL,NULL,NULL,NULL,NULL,NULL,NULL,NULL,0.00),(110,41,NULL,'salsa spinaci','A21',1.00,100.00,0,'','[]',NULL,'2016-09-14 16:35:53','2016-09-14 16:35:53',NULL,NULL,NULL,NULL,NULL,NULL,NULL,NULL,NULL,NULL,NULL,NULL,NULL,NULL,NULL,NULL,NULL,NULL,0.00),(111,42,NULL,'pane aglio e verdure ','A7',2.00,100.00,0,'','[{\"name\":\"chicken\",\"price\":\"80.00\",\"maxselect\":\"0\",\"group\":\"Extra Toppings\",\"qty\":1},{\"name\":\"no tomato sauce\",\"price\":\"null\",\"maxselect\":\"1\",\"group\":\"Cooking Instructions\",\"qty\":1}]',NULL,'2016-09-15 11:50:50','2016-09-15 11:50:50',NULL,NULL,NULL,NULL,NULL,NULL,NULL,NULL,NULL,NULL,NULL,NULL,NULL,NULL,NULL,NULL,NULL,NULL,0.00),(112,42,NULL,'insalata verde di pollo','B5',1.00,100.00,0,'','[]',NULL,'2016-09-15 11:50:50','2016-09-15 11:50:50',NULL,NULL,NULL,NULL,NULL,NULL,NULL,NULL,NULL,NULL,NULL,NULL,NULL,NULL,NULL,NULL,NULL,NULL,0.00),(113,42,NULL,'pasta sugo alla matriciana','D24',1.00,100.00,0,'','[{\"name\":\"mushroom\",\"price\":\"null\",\"maxselect\":\"0\",\"group\":\"Extra Toppings\",\"qty\":1},{\"name\":\"penne\",\"price\":\"null\",\"maxselect\":\"1\",\"group\":\"Pasta\",\"qty\":1},{\"name\":\"soy inc\",\"price\":null,\"maxselect\":\"1\",\"group\":\"Inc Modifiers\",\"qty\":1}]',NULL,'2016-09-15 11:50:50','2016-09-15 11:50:50',NULL,NULL,NULL,NULL,NULL,NULL,NULL,NULL,NULL,NULL,NULL,NULL,NULL,NULL,NULL,NULL,NULL,NULL,0.00),(114,43,NULL,'crostini melanzana','A1',1.00,100.00,0,'','[]',NULL,'2016-09-15 12:06:09','2016-09-15 12:06:09',NULL,NULL,NULL,NULL,NULL,NULL,NULL,NULL,NULL,NULL,NULL,NULL,NULL,NULL,NULL,NULL,NULL,NULL,0.00),(115,43,NULL,'insalata caprese','A8',1.00,100.00,0,'','[]',NULL,'2016-09-15 12:06:09','2016-09-15 12:06:09',NULL,NULL,NULL,NULL,NULL,NULL,NULL,NULL,NULL,NULL,NULL,NULL,NULL,NULL,NULL,NULL,NULL,NULL,0.00),(116,43,NULL,'carpaccio di salmone','A14',1.00,100.00,0,'','[]',NULL,'2016-09-15 12:06:09','2016-09-15 12:06:09',NULL,NULL,NULL,NULL,NULL,NULL,NULL,NULL,NULL,NULL,NULL,NULL,NULL,NULL,NULL,NULL,NULL,NULL,0.00),(117,43,NULL,'crostini con tonno','A18',1.00,100.00,0,'','[]',NULL,'2016-09-15 12:06:09','2016-09-15 12:06:09',NULL,NULL,NULL,NULL,NULL,NULL,NULL,NULL,NULL,NULL,NULL,NULL,NULL,NULL,NULL,NULL,NULL,NULL,0.00),(118,44,NULL,'crostini melanzana','A1',1.00,50.00,0,'','[{\"name\":\"bacon\",\"price\":\"160.00\",\"maxselect\":\"0\",\"group\":\"Extra Toppings\",\"qty\":1}]',NULL,'2016-09-16 00:54:41','2016-09-16 00:54:41',NULL,NULL,NULL,NULL,NULL,NULL,NULL,NULL,NULL,NULL,NULL,NULL,NULL,NULL,NULL,NULL,NULL,NULL,0.00),(119,44,NULL,'pasta sugo alla matriciana','D24',1.00,200.00,0,'','[{\"name\":\"penne\",\"price\":\"null\",\"maxselect\":\"1\",\"group\":\"Pasta\",\"qty\":1},{\"name\":\"chicken inc\",\"price\":null,\"maxselect\":\"1\",\"group\":\"Inc Modifiers\",\"qty\":1}]',NULL,'2016-09-16 00:54:41','2016-09-16 00:54:41',NULL,NULL,NULL,NULL,NULL,NULL,NULL,NULL,NULL,NULL,NULL,NULL,NULL,NULL,NULL,NULL,NULL,NULL,0.00),(120,45,NULL,'crostini al forno','A2',1.00,100.00,0,'','[{\"name\":\"chicken\",\"price\":\"80.00\",\"maxselect\":\"0\",\"group\":\"Extra Toppings\",\"qty\":1}]',NULL,'2016-09-16 00:57:44','2016-09-16 00:57:44',NULL,NULL,NULL,NULL,NULL,NULL,NULL,NULL,NULL,NULL,NULL,NULL,NULL,NULL,NULL,NULL,NULL,NULL,180.00),(121,45,NULL,'pasta sugo alla matriciana','D24',1.00,100.00,0,'','[{\"name\":\"penne\",\"price\":\"null\",\"maxselect\":\"1\",\"group\":\"Pasta\",\"qty\":1},{\"name\":\"soy inc\",\"price\":null,\"maxselect\":\"1\",\"group\":\"Inc Modifiers\",\"qty\":1}]',NULL,'2016-09-16 00:57:44','2016-09-16 00:57:44',NULL,NULL,NULL,NULL,NULL,NULL,NULL,NULL,NULL,NULL,NULL,NULL,NULL,NULL,NULL,NULL,NULL,NULL,100.00),(122,45,NULL,'pesci grigliata','L8',1.00,0.00,0,'','[]',NULL,'2016-09-16 00:57:44','2016-09-16 00:57:44',NULL,NULL,NULL,NULL,NULL,NULL,NULL,NULL,NULL,NULL,NULL,NULL,NULL,NULL,NULL,NULL,NULL,NULL,0.00),(123,46,NULL,'pasta sugo alla matriciana','D24',1.00,100.00,0,'','[{\"name\":\"soy inc\",\"price\":null,\"maxselect\":\"1\",\"group\":\"Inc Modifiers\",\"qty\":1},{\"name\":\"penne\",\"price\":\"null\",\"maxselect\":\"1\",\"group\":\"Pasta\",\"qty\":1}]',NULL,'2016-09-16 01:47:05','2016-09-16 01:47:05',NULL,NULL,NULL,NULL,NULL,NULL,NULL,NULL,NULL,NULL,NULL,NULL,NULL,NULL,NULL,NULL,NULL,NULL,100.00),(124,47,NULL,'pasta sugo alla matriciana','D24',1.00,200.00,0,'','[{\"name\":\"penne\",\"price\":\"null\",\"maxselect\":\"1\",\"group\":\"Pasta\",\"qty\":1},{\"name\":\"chicken inc\",\"price\":null,\"maxselect\":\"1\",\"group\":\"Inc Modifiers\",\"qty\":1}]',NULL,'2016-09-16 01:48:42','2016-09-16 01:48:42',NULL,NULL,NULL,NULL,NULL,NULL,NULL,NULL,NULL,NULL,NULL,NULL,NULL,NULL,NULL,NULL,NULL,NULL,200.00),(125,48,NULL,'pasta sugo alla matriciana','D24',1.00,100.00,0,'','[{\"name\":\"penne\",\"price\":\"null\",\"maxselect\":\"1\",\"group\":\"Pasta\",\"qty\":1},{\"name\":\"soy inc\",\"price\":null,\"maxselect\":\"1\",\"group\":\"Inc Modifiers\",\"qty\":1,\"addTagPriceToOrderPrice\":true}]',NULL,'2016-09-16 01:51:45','2016-09-16 01:51:45',NULL,NULL,NULL,NULL,NULL,NULL,NULL,NULL,NULL,NULL,NULL,NULL,NULL,NULL,NULL,NULL,NULL,NULL,100.00),(126,49,NULL,'crostini al forno','A2',1.00,100.00,0,'','[{\"name\":\"chicken\",\"price\":\"80.00\",\"maxselect\":\"0\",\"group\":\"Extra Toppings\",\"qty\":1}]',NULL,'2016-09-16 02:28:08','2016-09-16 02:28:08',NULL,NULL,NULL,NULL,NULL,NULL,NULL,NULL,NULL,NULL,NULL,NULL,NULL,NULL,NULL,NULL,NULL,NULL,180.00);
/*!40000 ALTER TABLE `order_items` ENABLE KEYS */;
UNLOCK TABLES;

--
-- Table structure for table `password_resets`
--

DROP TABLE IF EXISTS `password_resets`;
/*!40101 SET @saved_cs_client     = @@character_set_client */;
/*!40101 SET character_set_client = utf8 */;
CREATE TABLE `password_resets` (
  `email` varchar(255) COLLATE utf8_unicode_ci NOT NULL,
  `token` varchar(255) COLLATE utf8_unicode_ci NOT NULL,
  `created_at` timestamp NOT NULL DEFAULT CURRENT_TIMESTAMP ON UPDATE CURRENT_TIMESTAMP,
  KEY `password_resets_email_index` (`email`),
  KEY `password_resets_token_index` (`token`)
) ENGINE=InnoDB DEFAULT CHARSET=utf8 COLLATE=utf8_unicode_ci;
/*!40101 SET character_set_client = @saved_cs_client */;

--
-- Dumping data for table `password_resets`
--

LOCK TABLES `password_resets` WRITE;
/*!40000 ALTER TABLE `password_resets` DISABLE KEYS */;
/*!40000 ALTER TABLE `password_resets` ENABLE KEYS */;
UNLOCK TABLES;

--
-- Table structure for table `permission_role`
--

DROP TABLE IF EXISTS `permission_role`;
/*!40101 SET @saved_cs_client     = @@character_set_client */;
/*!40101 SET character_set_client = utf8 */;
CREATE TABLE `permission_role` (
  `id` int(10) unsigned NOT NULL AUTO_INCREMENT,
  `role_id` int(10) unsigned NOT NULL,
  `permission_id` int(10) unsigned NOT NULL,
  `created_at` timestamp NULL DEFAULT NULL,
  `updated_at` timestamp NULL DEFAULT NULL,
  PRIMARY KEY (`id`)
) ENGINE=InnoDB AUTO_INCREMENT=11 DEFAULT CHARSET=utf8 COLLATE=utf8_unicode_ci;
/*!40101 SET character_set_client = @saved_cs_client */;

--
-- Dumping data for table `permission_role`
--

LOCK TABLES `permission_role` WRITE;
/*!40000 ALTER TABLE `permission_role` DISABLE KEYS */;
INSERT INTO `permission_role` VALUES (1,2,27,'2016-08-31 02:39:28','2016-08-31 02:39:28'),(2,2,28,'2016-08-31 02:39:28','2016-08-31 02:39:28'),(3,2,29,'2016-08-31 02:39:29','2016-08-31 02:39:29'),(4,2,30,'2016-08-31 02:39:29','2016-08-31 02:39:29'),(5,2,31,'2016-08-31 02:39:29','2016-08-31 02:39:29'),(6,2,32,'2016-08-31 02:39:29','2016-08-31 02:39:29'),(7,2,33,'2016-08-31 02:39:29','2016-08-31 02:39:29'),(8,2,34,'2016-08-31 02:39:29','2016-08-31 02:39:29'),(9,2,35,'2016-08-31 02:39:29','2016-08-31 02:39:29'),(10,2,26,'2016-08-31 02:39:29','2016-08-31 02:39:29');
/*!40000 ALTER TABLE `permission_role` ENABLE KEYS */;
UNLOCK TABLES;

--
-- Table structure for table `permissions`
--

DROP TABLE IF EXISTS `permissions`;
/*!40101 SET @saved_cs_client     = @@character_set_client */;
/*!40101 SET character_set_client = utf8 */;
CREATE TABLE `permissions` (
  `id` int(10) unsigned NOT NULL AUTO_INCREMENT,
  `permission_slug` varchar(255) COLLATE utf8_unicode_ci NOT NULL,
  `permission_human` varchar(255) COLLATE utf8_unicode_ci DEFAULT NULL,
  `permission_description` varchar(255) COLLATE utf8_unicode_ci DEFAULT NULL,
  `active` tinyint(1) NOT NULL DEFAULT '1',
  `created_at` timestamp NULL DEFAULT NULL,
  `updated_at` timestamp NULL DEFAULT NULL,
  PRIMARY KEY (`id`),
  UNIQUE KEY `permissions_permission_slug_unique` (`permission_slug`)
) ENGINE=InnoDB AUTO_INCREMENT=44 DEFAULT CHARSET=utf8 COLLATE=utf8_unicode_ci;
/*!40101 SET character_set_client = @saved_cs_client */;

--
-- Dumping data for table `permissions`
--

LOCK TABLES `permissions` WRITE;
/*!40000 ALTER TABLE `permissions` DISABLE KEYS */;
INSERT INTO `permissions` VALUES (1,'index-product','index@product',NULL,1,'2016-08-31 01:39:06','2016-08-31 01:39:06'),(2,'store-product','store@product',NULL,1,'2016-08-31 01:39:06','2016-08-31 01:39:06'),(3,'edit-product','edit@product',NULL,1,'2016-08-31 01:39:06','2016-08-31 01:39:06'),(4,'update-product','update@product',NULL,1,'2016-08-31 01:39:06','2016-08-31 01:39:06'),(5,'delete-product','delete@product',NULL,1,'2016-08-31 01:39:06','2016-08-31 01:39:06'),(6,'destroy-product','destroy@product',NULL,1,'2016-08-31 01:39:06','2016-08-31 01:39:06'),(7,'index-productmodifier','index@productmodifier',NULL,1,'2016-08-31 01:39:06','2016-08-31 01:39:06'),(8,'store-productmodifier','store@productmodifier',NULL,1,'2016-08-31 01:39:06','2016-08-31 01:39:06'),(9,'edit-productmodifier','edit@productmodifier',NULL,1,'2016-08-31 01:39:06','2016-08-31 01:39:06'),(10,'update-productmodifier','update@productmodifier',NULL,1,'2016-08-31 01:39:06','2016-08-31 01:39:06'),(11,'delete-productmodifier','delete@productmodifier',NULL,1,'2016-08-31 01:39:06','2016-08-31 01:39:06'),(12,'destroy-productmodifier','destroy@productmodifier',NULL,1,'2016-08-31 01:39:06','2016-08-31 01:39:06'),(13,'index-productmodifiergroup','index@productmodifiergroup',NULL,1,'2016-08-31 01:39:06','2016-08-31 01:39:06'),(14,'store-productmodifiergroup','store@productmodifiergroup',NULL,1,'2016-08-31 01:39:06','2016-08-31 01:39:06'),(15,'edit-productmodifiergroup','edit@productmodifiergroup',NULL,1,'2016-08-31 01:39:06','2016-08-31 01:39:06'),(16,'update-productmodifiergroup','update@productmodifiergroup',NULL,1,'2016-08-31 01:39:06','2016-08-31 01:39:06'),(17,'delete-productmodifiergroup','delete@productmodifiergroup',NULL,1,'2016-08-31 01:39:06','2016-08-31 01:39:06'),(18,'destroy-productmodifiergroup','destroy@productmodifiergroup',NULL,1,'2016-08-31 01:39:06','2016-08-31 01:39:06'),(19,'index-location','index@location',NULL,1,'2016-08-31 01:39:06','2016-08-31 01:39:06'),(20,'create-location','create@location',NULL,1,'2016-08-31 01:39:07','2016-08-31 01:39:07'),(21,'store-location','store@location',NULL,1,'2016-08-31 01:39:07','2016-08-31 01:39:07'),(22,'edit-location','edit@location',NULL,1,'2016-08-31 01:39:07','2016-08-31 01:39:07'),(23,'update-location','update@location',NULL,1,'2016-08-31 01:39:07','2016-08-31 01:39:07'),(24,'delete-location','delete@location',NULL,1,'2016-08-31 01:39:07','2016-08-31 01:39:07'),(25,'destroy-location','destroy@location',NULL,1,'2016-08-31 01:39:07','2016-08-31 01:39:07'),(26,'change-location','change@location',NULL,1,'2016-08-31 01:39:07','2016-08-31 01:39:07'),(27,'index-bill','index@bill',NULL,1,'2016-08-31 01:39:07','2016-08-31 01:39:07'),(28,'create-bill','create@bill',NULL,1,'2016-08-31 01:39:07','2016-08-31 01:39:07'),(29,'store-bill','store@bill',NULL,1,'2016-08-31 01:39:07','2016-08-31 01:39:07'),(30,'getnextbillid-bill','getnextid@bill',NULL,1,'2016-08-31 01:39:07','2016-08-31 01:39:07'),(31,'list-bill','list@bill',NULL,1,'2016-08-31 01:39:07','2016-08-31 01:39:07'),(32,'print-bill','print@bill',NULL,1,'2016-08-31 01:39:07','2016-08-31 01:39:07'),(33,'productcategory-share','productcategory@Share',NULL,1,'2016-08-31 01:39:07','2016-08-31 01:39:07'),(34,'product-share','product@share',NULL,1,'2016-08-31 01:39:07','2016-08-31 01:39:07'),(35,'menudata-share','menudata@share',NULL,1,'2016-08-31 01:39:07','2016-08-31 01:39:07'),(36,'index-menu','index@menu',NULL,1,'2016-08-31 01:39:07','2016-08-31 01:39:07'),(37,'create-menu','create@menu',NULL,1,'2016-08-31 01:39:07','2016-08-31 01:39:07'),(38,'store-menu','store@menu',NULL,1,'2016-08-31 01:39:07','2016-08-31 01:39:07'),(39,'edit-menu','edit@menu',NULL,1,'2016-08-31 01:39:07','2016-08-31 01:39:07'),(40,'update-menu','update@menu',NULL,1,'2016-08-31 01:39:07','2016-08-31 01:39:07'),(41,'delete-menu','delete@menu',NULL,1,'2016-08-31 01:39:07','2016-08-31 01:39:07'),(42,'destroy-menu','destroy@menu',NULL,1,'2016-08-31 01:39:07','2016-08-31 01:39:07'),(43,'activate-menu','activate@menu',NULL,1,'2016-08-31 01:39:07','2016-08-31 01:39:07');
/*!40000 ALTER TABLE `permissions` ENABLE KEYS */;
UNLOCK TABLES;

--
-- Table structure for table `product_modifier_group_maps`
--

DROP TABLE IF EXISTS `product_modifier_group_maps`;
/*!40101 SET @saved_cs_client     = @@character_set_client */;
/*!40101 SET character_set_client = utf8 */;
CREATE TABLE `product_modifier_group_maps` (
  `id` int(10) unsigned NOT NULL AUTO_INCREMENT,
  `product_modifier_group_id` int(11) NOT NULL,
  `products` varchar(4000) COLLATE utf8_unicode_ci NOT NULL,
  `product_category` varchar(4000) COLLATE utf8_unicode_ci NOT NULL,
  `created_at` timestamp NULL DEFAULT NULL,
  `updated_at` timestamp NULL DEFAULT NULL,
  PRIMARY KEY (`id`)
) ENGINE=InnoDB AUTO_INCREMENT=98 DEFAULT CHARSET=utf8 COLLATE=utf8_unicode_ci;
/*!40101 SET character_set_client = @saved_cs_client */;

--
-- Dumping data for table `product_modifier_group_maps`
--

LOCK TABLES `product_modifier_group_maps` WRITE;
/*!40000 ALTER TABLE `product_modifier_group_maps` DISABLE KEYS */;
INSERT INTO `product_modifier_group_maps` VALUES (39,3,'*','*','2016-08-16 20:18:48','2016-08-16 20:18:48'),(40,7,'zuppa del giorno','Soup','2016-08-17 05:28:39','2016-08-17 05:28:39'),(41,4,'canned juice','Drinks','2016-08-18 04:43:41','2016-08-18 04:43:41'),(47,2,'*','Pasta','2016-08-18 12:22:00','2016-08-18 12:22:00'),(64,1,'*','Drinks','2016-09-14 09:14:26','2016-09-14 09:14:26'),(65,1,'*','Mocktails','2016-09-14 09:14:26','2016-09-14 09:14:26'),(66,6,'pasta bolognese','Pasta','2016-09-14 09:25:37','2016-09-14 09:25:37'),(67,6,'pasta sugo alla matriciana','Pasta','2016-09-14 09:25:37','2016-09-14 09:25:37'),(68,6,'pasta carbonara ','Pasta','2016-09-14 09:25:37','2016-09-14 09:25:37'),(69,6,'pasta vodka','Pasta','2016-09-14 09:25:37','2016-09-14 09:25:37'),(70,6,'pasta polpettine al sugo','Pasta','2016-09-14 09:25:37','2016-09-14 09:25:37'),(89,5,'*','Pasta','2016-09-16 01:15:12','2016-09-16 01:15:12'),(90,5,'*','Salads','2016-09-16 01:15:13','2016-09-16 01:15:13'),(91,5,'*','Pizza','2016-09-16 01:15:13','2016-09-16 01:15:13'),(92,5,'*','Fresh Pasta','2016-09-16 01:15:13','2016-09-16 01:15:13'),(93,5,'*','Risotto','2016-09-16 01:15:13','2016-09-16 01:15:13'),(94,5,'*','Secondi','2016-09-16 01:15:13','2016-09-16 01:15:13'),(95,5,'*','Specials','2016-09-16 01:15:13','2016-09-16 01:15:13'),(96,5,'*','Mexican','2016-09-16 01:15:13','2016-09-16 01:15:13'),(97,5,'*','Antipasti','2016-09-16 01:15:13','2016-09-16 01:15:13');
/*!40000 ALTER TABLE `product_modifier_group_maps` ENABLE KEYS */;
UNLOCK TABLES;

--
-- Table structure for table `product_modifier_groups`
--

DROP TABLE IF EXISTS `product_modifier_groups`;
/*!40101 SET @saved_cs_client     = @@character_set_client */;
/*!40101 SET character_set_client = utf8 */;
CREATE TABLE `product_modifier_groups` (
  `id` int(10) unsigned NOT NULL AUTO_INCREMENT,
  `SortOrder` int(11) NOT NULL,
  `ColumnCount` int(11) NOT NULL,
  `ButtonHeight` int(11) NOT NULL,
  `MaxSelectedItems` int(11) NOT NULL,
  `MinSelectedItems` int(11) NOT NULL,
  `AddTagPriceToOrderPrice` tinyint(1) NOT NULL,
  `FreeTagging` tinyint(1) NOT NULL,
  `SaveFreeTags` tinyint(1) NOT NULL,
  `GroupTag` varchar(4000) COLLATE utf8_unicode_ci DEFAULT NULL,
  `TaxFree` tinyint(1) NOT NULL,
  `Hidden` tinyint(1) NOT NULL,
  `ModifierGroupName` varchar(4000) COLLATE utf8_unicode_ci DEFAULT NULL,
  `deleted_at` timestamp NULL DEFAULT NULL,
  `created_at` timestamp NULL DEFAULT NULL,
  `updated_at` timestamp NULL DEFAULT NULL,
  PRIMARY KEY (`id`)
) ENGINE=InnoDB AUTO_INCREMENT=9 DEFAULT CHARSET=utf8 COLLATE=utf8_unicode_ci;
/*!40101 SET character_set_client = @saved_cs_client */;

--
-- Dumping data for table `product_modifier_groups`
--

LOCK TABLES `product_modifier_groups` WRITE;
/*!40000 ALTER TABLE `product_modifier_groups` DISABLE KEYS */;
INSERT INTO `product_modifier_groups` VALUES (1,0,0,0,0,0,0,0,0,'',0,0,'Drinks',NULL,'2016-07-27 11:22:42','2016-07-27 11:22:42'),(2,0,0,0,0,1,0,0,0,'',1,0,'Pasta',NULL,'2016-08-16 16:44:02','2016-08-18 12:21:13'),(3,0,0,0,0,0,0,0,0,'',0,0,'Cooking Instructions',NULL,'2016-08-16 17:31:39','2016-08-16 17:31:39'),(4,0,0,0,0,0,0,0,0,'',0,0,'Juice',NULL,'2016-08-16 18:40:49','2016-08-18 04:43:41'),(5,0,0,0,1,0,0,0,0,'',0,0,'Extra Toppings',NULL,'2016-08-16 18:49:50','2016-09-16 01:11:49'),(6,0,0,0,1,0,1,0,0,'',0,0,'Inc Modifiers',NULL,'2016-08-16 19:09:46','2016-09-14 09:25:37'),(7,0,0,0,0,0,0,0,0,'',0,0,'Soup',NULL,'2016-08-16 19:24:31','2016-08-16 19:24:31'),(8,0,0,0,0,0,1,0,0,'',0,0,'SomeNewGroup',NULL,'2016-09-08 06:59:01','2016-09-14 09:06:14');
/*!40000 ALTER TABLE `product_modifier_groups` ENABLE KEYS */;
UNLOCK TABLES;

--
-- Table structure for table `product_modifiers`
--

DROP TABLE IF EXISTS `product_modifiers`;
/*!40101 SET @saved_cs_client     = @@character_set_client */;
/*!40101 SET character_set_client = utf8 */;
CREATE TABLE `product_modifiers` (
  `id` int(10) unsigned NOT NULL AUTO_INCREMENT,
  `product_modifier_name` varchar(255) COLLATE utf8_unicode_ci NOT NULL,
  `created_at` timestamp NULL DEFAULT NULL,
  `updated_at` timestamp NULL DEFAULT NULL,
  `SortOrder` int(11) NOT NULL,
  `ProductModifierGroupId` int(11) NOT NULL,
  `MaxQuantity` int(11) NOT NULL,
  `deleted_at` timestamp NULL DEFAULT NULL,
  PRIMARY KEY (`id`)
) ENGINE=InnoDB AUTO_INCREMENT=95 DEFAULT CHARSET=utf8 COLLATE=utf8_unicode_ci;
/*!40101 SET character_set_client = @saved_cs_client */;

--
-- Dumping data for table `product_modifiers`
--

LOCK TABLES `product_modifiers` WRITE;
/*!40000 ALTER TABLE `product_modifiers` DISABLE KEYS */;
INSERT INTO `product_modifiers` VALUES (1,'no ice','2016-07-27 11:22:42','2016-07-27 11:22:42',1,1,1,NULL),(2,'less ice','2016-07-27 11:22:42','2016-07-27 11:22:42',2,1,1,NULL),(3,'less sweet','2016-07-27 11:22:42','2016-07-27 11:27:38',4,1,1,NULL),(4,'with ice','2016-07-27 11:22:42','2016-07-27 11:27:38',3,1,1,NULL),(5,'sweet','2016-07-27 11:22:42','2016-07-27 11:22:42',5,1,1,NULL),(6,'salt','2016-07-27 11:22:42','2016-07-27 11:22:42',6,1,1,NULL),(7,'sweet and salt','2016-07-27 11:22:42','2016-07-27 11:22:42',7,1,1,NULL),(8,'penne','2016-08-16 16:44:02','2016-08-16 17:50:31',1,2,1,NULL),(9,'spaghetti','2016-08-16 16:44:02','2016-08-16 17:50:31',2,2,1,NULL),(10,'fussili','2016-08-16 16:44:02','2016-08-16 17:50:31',3,2,1,NULL),(11,'tagliatelle','2016-08-16 16:44:02','2016-08-16 17:50:31',4,2,1,NULL),(12,'farfalle','2016-08-16 16:44:02','2016-08-16 17:50:31',5,2,1,NULL),(13,'spinach ravioli','2016-08-16 16:44:02','2016-08-16 17:50:31',6,2,1,NULL),(14,'gnocchi','2016-08-16 16:44:02','2016-08-16 17:50:31',7,2,1,NULL),(15,'tortellini','2016-08-16 16:44:02','2016-08-16 17:50:31',8,2,1,NULL),(16,'risotto','2016-08-16 16:44:02','2016-08-16 17:50:31',9,2,1,NULL),(17,'no mushrooms','2016-08-16 17:31:39','2016-08-16 17:31:39',1,3,1,NULL),(18,'less spicy','2016-08-16 17:31:39','2016-08-16 19:16:19',3,3,1,NULL),(19,'medium spicy','2016-08-16 17:31:39','2016-08-16 19:16:19',4,3,1,NULL),(20,'more spicy','2016-08-16 17:31:39','2016-08-16 19:16:19',5,3,1,NULL),(21,'no spicy','2016-08-16 17:31:39','2016-08-16 19:16:19',6,3,1,NULL),(22,'more cheese','2016-08-16 17:31:39','2016-08-16 19:16:19',7,3,1,NULL),(23,'no cheese','2016-08-16 17:31:39','2016-08-16 19:16:19',8,3,1,NULL),(24,'thick sauce','2016-08-16 17:31:39','2016-08-16 19:16:19',9,3,1,NULL),(25,'al dente','2016-08-16 17:31:39','2016-08-16 19:16:19',10,3,1,NULL),(26,'no onion garlic','2016-08-16 17:31:39','2016-08-16 19:16:19',11,3,1,NULL),(27,'parcel','2016-08-16 17:31:39','2016-08-16 19:16:19',12,3,1,NULL),(28,'gluten free','2016-08-16 17:31:39','2016-08-16 19:16:19',13,3,1,NULL),(29,'no garnish','2016-08-16 17:31:39','2016-08-16 19:16:19',14,3,1,NULL),(30,'test1','2016-08-16 17:31:39','2016-08-16 17:31:56',14,3,1,'2016-08-16 17:31:56'),(31,'test2','2016-08-16 17:31:40','2016-08-16 17:31:56',15,3,1,'2016-08-16 17:31:56'),(32,'cranberry','2016-08-16 18:40:49','2016-08-16 18:40:49',1,4,1,NULL),(33,'guava','2016-08-16 18:40:49','2016-08-16 18:40:49',2,4,1,NULL),(34,'mango','2016-08-16 18:40:49','2016-08-16 18:40:49',3,4,1,NULL),(35,'orange','2016-08-16 18:40:49','2016-08-16 18:40:49',4,4,1,NULL),(36,'pineapple','2016-08-16 18:40:49','2016-08-16 18:40:49',5,4,1,NULL),(37,'chicken','2016-08-16 18:49:50','2016-09-16 01:15:12',1,5,0,NULL),(38,'lamb','2016-08-16 18:49:50','2016-08-16 18:49:50',2,5,0,NULL),(39,'beef','2016-08-16 18:49:50','2016-08-16 18:49:50',3,5,0,NULL),(40,'bacon','2016-08-16 18:49:50','2016-08-16 18:49:50',4,5,0,NULL),(41,'vegetables','2016-08-16 18:49:50','2016-08-16 18:49:50',5,5,0,NULL),(42,'mushroom','2016-08-16 18:49:50','2016-08-16 18:49:50',6,5,0,NULL),(43,'extra cheese','2016-08-16 18:49:50','2016-08-16 18:49:50',7,5,0,NULL),(44,'broccoli','2016-08-16 18:49:50','2016-08-16 18:49:50',8,5,0,NULL),(45,'shrimp','2016-08-16 18:49:50','2016-08-16 18:49:50',9,5,0,NULL),(46,'smoked salmon','2016-08-16 18:49:50','2016-08-16 18:49:50',10,5,0,NULL),(47,'parmesan','2016-08-16 18:49:50','2016-08-16 18:49:50',11,5,0,NULL),(48,'blue cheese','2016-08-16 18:49:50','2016-08-16 18:49:50',12,5,0,NULL),(49,'artichokes','2016-08-16 18:49:50','2016-08-16 18:49:50',13,5,0,NULL),(50,'black olives','2016-08-16 18:49:50','2016-08-16 18:49:50',14,5,0,NULL),(51,'green olives','2016-08-16 18:49:50','2016-08-16 18:49:50',15,5,0,NULL),(52,'capers','2016-08-16 18:49:50','2016-08-16 18:49:50',16,5,0,NULL),(53,'jalapenos','2016-08-16 18:49:50','2016-08-16 18:49:50',17,5,0,NULL),(54,'sun dried tomatoes','2016-08-16 18:49:50','2016-08-16 18:49:50',18,5,0,NULL),(55,'extra meatballs','2016-08-16 18:49:50','2016-08-16 18:49:50',19,5,0,NULL),(56,'pepperoni','2016-08-16 18:49:50','2016-08-16 18:49:50',20,5,0,NULL),(57,'red yellow bell peppers','2016-08-16 18:49:50','2016-08-16 18:49:50',21,5,0,NULL),(58,'green bell peppers','2016-08-16 18:49:50','2016-08-16 18:49:50',22,5,0,NULL),(59,'honey','2016-08-16 18:52:09','2016-08-16 18:52:09',8,1,1,NULL),(60,'soy inc','2016-08-16 19:09:46','2016-08-16 19:10:04',1,6,1,NULL),(61,'chicken inc','2016-08-16 19:09:46','2016-08-16 19:10:04',2,6,1,NULL),(62,'lamb inc','2016-08-16 19:09:46','2016-08-16 19:10:04',3,6,1,NULL),(63,'beef inc','2016-08-16 19:09:46','2016-08-16 19:10:04',4,6,1,NULL),(64,'bacon inc','2016-08-16 19:09:46','2016-08-16 19:10:04',5,6,1,NULL),(65,'no tomato sauce','2016-08-16 19:15:46','2016-08-16 19:16:19',2,3,1,NULL),(66,'more sauce','2016-08-16 19:16:19','2016-08-16 19:16:29',15,3,1,NULL),(67,'no mint','2016-08-16 19:20:12','2016-08-16 19:20:26',9,1,1,NULL),(68,'no icecream','2016-08-16 19:20:12','2016-08-16 19:20:26',10,1,1,NULL),(69,'sugar free','2016-08-16 19:20:12','2016-08-16 19:20:26',11,1,1,NULL),(70,'with food','2016-08-16 19:20:12','2016-08-16 19:20:26',12,1,1,NULL),(71,'tomato','2016-08-16 19:24:31','2016-08-16 19:24:31',1,7,1,NULL),(72,'mushroom','2016-08-16 19:24:31','2016-08-16 19:24:31',2,7,1,NULL),(73,'broccoli','2016-08-16 19:24:31','2016-08-16 19:24:31',3,7,1,NULL),(74,'clear vegetable','2016-08-16 19:24:32','2016-08-16 19:35:37',4,7,1,NULL),(75,'asparagus','2016-08-16 19:24:32','2016-08-16 19:24:32',5,7,1,NULL),(76,'chickpea','2016-08-16 19:24:32','2016-08-16 19:24:32',6,7,1,NULL),(77,'bell pepper','2016-08-16 19:24:32','2016-08-16 19:35:37',7,7,1,NULL),(78,'spring onion','2016-08-16 19:24:32','2016-08-16 19:35:37',8,7,1,NULL),(79,'X 2','2016-08-16 19:24:32','2016-08-16 19:24:32',9,7,1,NULL),(80,'X 3','2016-08-16 19:24:32','2016-08-16 19:24:32',10,7,1,NULL),(81,'X 4','2016-08-16 19:24:32','2016-08-17 05:28:39',11,7,1,NULL),(82,'X 5','2016-08-16 19:24:32','2016-08-16 19:35:37',12,7,1,NULL),(83,'X 6','2016-08-16 19:24:32','2016-08-16 19:35:37',13,7,1,NULL),(84,'X 7','2016-08-16 19:24:32','2016-08-16 19:35:37',14,7,1,NULL),(85,'X 8','2016-08-16 19:24:32','2016-08-16 19:35:37',15,7,1,NULL),(86,'X 9','2016-08-16 19:24:32','2016-08-16 19:35:37',16,7,1,NULL),(87,'X 10','2016-08-16 19:24:32','2016-08-16 19:35:37',17,7,1,NULL),(88,'well cooked','2016-08-16 20:18:36','2016-08-16 20:18:48',16,3,1,NULL),(89,'tag1','2016-09-08 07:04:08','2016-09-08 07:04:08',1,8,1,NULL),(90,'tag2','2016-09-08 07:04:08','2016-09-08 07:04:08',2,8,1,NULL),(91,'tag3','2016-09-08 07:04:08','2016-09-08 07:04:08',3,8,1,NULL),(92,'newDrinkModifier','2016-09-08 08:16:21','2016-09-08 08:16:21',13,1,1,NULL),(93,'test modifier','2016-09-14 09:05:46','2016-09-14 09:05:55',0,0,0,'2016-09-14 09:05:55'),(94,'tag4','2016-09-14 09:06:14','2016-09-14 09:06:15',4,8,1,NULL);
/*!40000 ALTER TABLE `product_modifiers` ENABLE KEYS */;
UNLOCK TABLES;

--
-- Table structure for table `products`
--

DROP TABLE IF EXISTS `products`;
/*!40101 SET @saved_cs_client     = @@character_set_client */;
/*!40101 SET character_set_client = utf8 */;
CREATE TABLE `products` (
  `id` int(10) unsigned NOT NULL AUTO_INCREMENT,
  `product_code` varchar(255) COLLATE utf8_unicode_ci NOT NULL,
  `product_name` varchar(255) COLLATE utf8_unicode_ci NOT NULL,
  `created_at` timestamp NULL DEFAULT NULL,
  `updated_at` timestamp NULL DEFAULT NULL,
  `product_category` varchar(255) COLLATE utf8_unicode_ci DEFAULT NULL,
  PRIMARY KEY (`id`),
  UNIQUE KEY `products_product_name_unique` (`product_name`)
) ENGINE=InnoDB AUTO_INCREMENT=188 DEFAULT CHARSET=utf8 COLLATE=utf8_unicode_ci;
/*!40101 SET character_set_client = @saved_cs_client */;

--
-- Dumping data for table `products`
--

LOCK TABLES `products` WRITE;
/*!40000 ALTER TABLE `products` DISABLE KEYS */;
INSERT INTO `products` VALUES (1,'A1','crostini melanzana','2016-07-21 14:58:45','2016-07-24 11:53:53','Antipasti'),(2,'A2','crostini al forno','2016-07-21 14:58:53','2016-07-24 11:56:58','Antipasti'),(3,'A3','crostini assortiti','2016-07-21 14:59:03','2016-07-21 15:06:49','Antipasti'),(4,'A4','bruschetta pomodoro','2016-07-21 15:23:41','2016-07-21 15:23:41','Antipasti'),(5,'A5','pane aglio','2016-07-21 15:24:09','2016-07-21 15:24:09','Antipasti'),(6,'A6','pane aglio e mozzarella','2016-07-21 15:25:11','2016-07-21 15:25:11','Antipasti'),(7,'A7','pane aglio e verdure ','2016-07-21 15:25:33','2016-07-21 15:25:33','Antipasti'),(8,'A25','crostini verdure ','2016-07-21 15:27:26','2016-07-21 15:27:26','Antipasti'),(9,'A8','insalata caprese','2016-07-21 15:27:54','2016-07-21 15:27:54','Antipasti'),(10,'A9','peperoni arrosto','2016-07-21 15:28:28','2016-07-21 15:28:28','Antipasti'),(11,'A10','funghi trifolati','2016-07-21 15:28:56','2016-07-21 15:28:56','Antipasti'),(12,'A11','crostini con pollo e formaggio','2016-07-21 15:29:45','2016-07-21 15:29:45','Antipasti'),(13,'A14','carpaccio di salmone','2016-07-21 15:30:30','2016-07-21 15:30:30','Antipasti'),(14,'A15','antipasto del maiale','2016-07-21 15:31:24','2016-07-21 15:31:24','Antipasti'),(15,'A16','pollo e limone','2016-07-21 15:31:59','2016-07-21 15:31:59','Antipasti'),(16,'A18','crostini con tonno','2016-07-21 15:32:29','2016-07-21 15:32:29','Antipasti'),(17,'A21','salsa spinaci','2016-07-21 15:33:06','2016-07-21 15:33:06','Antipasti'),(18,'A22','salsa jalapeno','2016-07-21 15:33:28','2016-07-21 15:33:28','Antipasti'),(19,'A23','funghi ripieni di verdure','2016-07-21 15:34:10','2016-07-21 15:34:10','Antipasti'),(20,'A24','funghi ripieni di pollo','2016-07-21 15:34:40','2016-07-21 15:34:40','Antipasti'),(21,'A30','verdure saltate','2016-07-21 15:35:24','2016-07-24 12:30:20','Contorni'),(22,'A31','broccoli strascinati','2016-07-21 15:35:57','2016-07-21 15:35:57','Antipasti'),(23,'Z1','zuppa del giorno','2016-07-21 15:36:33','2016-07-24 12:03:50','Soup'),(24,'B1','insalata pomodoro','2016-07-21 15:37:24','2016-07-21 15:37:24','Salads'),(25,'B2','insalata contadina','2016-07-21 15:38:15','2016-07-24 14:10:59','Salads'),(26,'B3','insalata mista','2016-07-21 15:38:32','2016-07-21 15:38:32','Salads'),(27,'B4','insalata pollo','2016-07-21 15:38:54','2016-07-21 15:38:54','Salads'),(28,'B6','insalata cesare','2016-07-21 15:39:21','2016-07-21 15:45:26','Salads'),(29,'B5','insalata verde di pollo','2016-07-21 15:46:56','2016-07-21 15:46:56','Salads'),(30,'B8','insalata pancetta','2016-07-21 15:47:22','2016-07-21 15:47:22','Salads'),(31,'B9','insalata russo','2016-07-21 15:47:50','2016-07-21 15:47:50','Salads'),(32,'B10','insalata con formaggio di capra','2016-07-21 15:48:27','2016-07-21 15:48:27','Salads'),(33,'B11','insalata vecchi monaco','2016-07-21 15:48:52','2016-07-21 15:48:52','Salads'),(34,'B12','insalata tonno','2016-07-21 15:49:12','2016-07-21 15:49:12','Salads'),(35,'P2','pizza margherita','2016-07-21 15:50:37','2016-07-21 15:50:37','Pizza'),(36,'P3','pizza funghi','2016-07-21 15:50:58','2016-07-21 15:50:58','Pizza'),(37,'P4','pizza cipolla','2016-07-21 15:51:18','2016-07-21 15:51:18','Pizza'),(38,'P5','pizza melanzana','2016-07-21 15:51:38','2016-07-21 15:51:38','Pizza'),(39,'P6','pizza vito','2016-07-21 15:51:55','2016-07-21 15:51:55','Pizza'),(40,'P7','pizza hawaiiano','2016-07-21 15:52:13','2016-07-21 15:52:13','Pizza'),(41,'P8','pizza mediterranean','2016-07-21 15:53:26','2016-07-21 15:53:26','Pizza'),(42,'P9','pizza pomodoro','2016-07-21 15:53:53','2016-07-21 15:53:53','Pizza'),(43,'P10','pizza casa','2016-07-21 15:54:18','2016-07-21 15:54:18','Pizza'),(44,'P11','pizza tabasco','2016-07-21 15:54:36','2016-07-21 15:54:36','Pizza'),(45,'P12','pizza tre peperoni','2016-07-21 15:55:16','2016-07-21 15:55:16','Pizza'),(46,'P13','pizza sicilia','2016-07-21 15:55:32','2016-07-21 15:55:32','Pizza'),(47,'P14','pizza spinaci','2016-07-21 15:56:07','2016-07-21 15:56:07','Pizza'),(48,'P15','pizza liscio','2016-07-21 15:56:28','2016-07-21 15:56:28','Pizza'),(49,'P19','pizza sovrano','2016-07-21 15:56:54','2016-07-21 15:56:54','Pizza'),(50,'P20','pizza genovese','2016-07-21 15:57:14','2016-07-21 15:57:14','Pizza'),(51,'P21','pizza pollito','2016-07-21 15:57:34','2016-07-21 15:57:34','Pizza'),(52,'P22','pizza quattro formaggi','2016-07-21 16:04:11','2016-07-21 16:04:11','Pizza'),(53,'P23','pizza con pollo','2016-07-21 16:04:26','2016-07-21 16:04:26','Pizza'),(54,'P24','pizza tonno e cipolla','2016-07-21 16:04:57','2016-07-21 16:04:57','Pizza'),(55,'P28','pizza diavola','2016-07-21 16:05:43','2016-07-21 16:05:43','Pizza'),(56,'P29','pizza straniera','2016-07-21 16:08:11','2016-07-21 16:08:11','Pizza'),(57,'P30','pizza alla vodka','2016-07-21 16:08:41','2016-07-21 16:08:41','Pizza'),(58,'P32','pizza alpi','2016-07-21 16:09:03','2016-07-21 16:09:03','Pizza'),(59,'P33','pizza gamberetti e sugo rosa','2016-07-21 16:11:26','2016-07-21 16:11:26','Pizza'),(60,'P34','pizza pollo e pesto','2016-07-21 16:11:46','2016-07-21 16:11:46','Pizza'),(61,'P35','pizza salmone affuicata','2016-07-21 16:12:21','2016-07-21 16:12:21','Pizza'),(62,'P36','pizza salame di maiale ','2016-07-21 16:13:38','2016-07-21 16:13:38','Pizza'),(63,'P37','pizza agnello speziato ','2016-07-21 16:14:21','2016-07-21 16:14:21','Pizza'),(64,'P38','pizza salame di pollo','2016-07-21 16:14:47','2016-07-21 16:14:47','Pizza'),(65,'P39','pizza maiale blu','2016-07-21 16:15:15','2016-07-21 16:15:15','Pizza'),(66,'P40','pizza arcevia ','2016-07-21 16:15:34','2016-07-21 16:15:34','Pizza'),(67,'P41','pizza bismark','2016-07-21 16:15:57','2016-07-21 16:15:57','Pizza'),(68,'P42','pizza spagnolo','2016-07-21 16:16:44','2016-07-21 16:16:44','Pizza'),(69,'P43','pizza piri piri','2016-07-21 16:17:02','2016-07-21 16:17:02','Pizza'),(70,'C7','crespelle di funghi','2016-07-21 16:17:36','2016-07-21 16:17:36','Fresh Pasta'),(71,'C8','crespelle di pollo','2016-07-21 16:17:57','2016-07-21 16:17:57','Fresh Pasta'),(72,'C9','crespelle di verdure ','2016-07-21 16:18:25','2016-07-21 16:18:25','Fresh Pasta'),(73,'C1','cannelloni alla fiorentina ','2016-07-21 16:19:06','2016-07-21 16:19:06','Fresh Pasta'),(74,'C2','lasagne napoletana(cheese)','2016-07-21 16:28:08','2016-07-24 13:25:29','Fresh Pasta'),(75,'C3','lasagne di funghi','2016-07-21 16:28:37','2016-07-21 16:28:37','Fresh Pasta'),(76,'C4','lasagne di pollo','2016-07-21 16:29:16','2016-07-21 16:29:16','Fresh Pasta'),(77,'C5','lasagne di agnello','2016-07-21 16:30:18','2016-07-21 16:30:18','Fresh Pasta'),(78,'C6','lasagne di verdure ','2016-07-21 16:30:39','2016-07-21 16:30:39','Fresh Pasta'),(79,'D1','pasta napoletana','2016-07-21 16:31:18','2016-07-21 16:31:18','Pasta'),(80,'D2','pasta aglio olio e peperoncino','2016-07-21 16:31:56','2016-07-21 16:31:56','Pasta'),(81,'D40','pasta aglio olio e agnello','2016-07-21 16:34:32','2016-07-21 16:34:32','Pasta'),(82,'D3','pasta aglio olio e verdure ','2016-07-21 16:35:18','2016-07-21 16:35:18','Pasta'),(83,'D5','pasta puttanesca napoletana','2016-07-21 16:35:50','2016-07-21 16:35:50','Pasta'),(84,'D6','pasta melanzana','2016-07-21 16:36:11','2016-07-21 16:36:11','Pasta'),(85,'D7','pasta pesto genovese','2016-07-21 16:36:36','2016-07-21 16:36:36','Pasta'),(86,'D8','pasta arrabbiata','2016-07-21 16:37:18','2016-07-21 16:37:18','Pasta'),(87,'D9','pasta ai quattro formaggi ','2016-07-21 16:37:52','2016-07-21 16:37:52','Pasta'),(88,'D10','pasta alfredo','2016-07-21 16:38:17','2016-07-21 16:38:17','Pasta'),(89,'D11','pasta panna e noci','2016-07-21 16:38:38','2016-07-21 16:38:38','Pasta'),(90,'D12','pasta panna funghi e piselli','2016-07-21 16:39:12','2016-07-21 16:39:12','Pasta'),(91,'D13','pasta spinaci e formaggio','2016-07-21 16:39:49','2016-07-21 16:39:49','Pasta'),(92,'D14','patsa supremo broccoli','2016-07-21 16:40:43','2016-07-21 16:40:43','Pasta'),(93,'D31','pasta pollo supremo ','2016-07-21 16:41:09','2016-07-21 16:41:09','Pasta'),(94,'D15','pasta milazzo','2016-07-21 16:41:27','2016-07-21 16:41:27','Pasta'),(95,'D16','pasta sugo rosa','2016-07-21 16:41:53','2016-07-21 16:41:53','Pasta'),(96,'P17','pizza grano turco','2016-07-21 16:43:25','2016-07-24 14:04:12','Pizza'),(97,'P18','pizza grande','2016-07-21 16:43:48','2016-07-24 14:05:36','Pizza'),(98,'D19','pasta primavera ','2016-07-21 16:49:45','2016-07-21 16:49:45','Pasta'),(99,'D20','pasta al capone','2016-07-21 16:50:10','2016-07-21 16:50:10','Pasta'),(100,'D21','pasta funghi porcini','2016-07-21 16:50:36','2016-07-21 16:50:36','Pasta'),(101,'D22','pasta quattro stagioni','2016-07-21 16:51:47','2016-07-21 16:51:47','Pasta'),(102,'D24','pasta sugo alla matriciana','2016-07-21 16:52:29','2016-07-21 16:52:29','Pasta'),(103,'D25','pasta carbonara ','2016-07-21 16:53:06','2016-07-21 16:53:06','Pasta'),(104,'D26','pasta bolognese','2016-07-21 16:53:51','2016-07-21 16:53:51','Pasta'),(105,'D27','pasta vodka','2016-07-21 16:54:06','2016-07-21 16:54:06','Pasta'),(106,'D29','pasta campesina ','2016-07-21 16:54:29','2016-07-21 16:54:29','Pasta'),(107,'D32','pasta agnello al vino','2016-07-21 16:54:59','2016-07-21 16:54:59','Pasta'),(108,'D33','pasta gricia','2016-07-21 16:55:21','2016-07-21 16:55:21','Pasta'),(109,'D34','pasta polpettine al sugo','2016-07-21 16:56:06','2016-07-21 16:56:06','Pasta'),(110,'D35','pasta salmone','2016-07-21 16:56:22','2016-07-21 16:56:22','Pasta'),(111,'D36','pasta tonno al sugo','2016-07-21 16:56:47','2016-07-21 16:56:47','Pasta'),(112,'D37','pasta gamberetti al sugo','2016-07-21 16:57:26','2016-07-21 16:57:26','Pasta'),(113,'D38','pasta gamberi di salsa bianca','2016-07-21 16:57:55','2016-07-21 16:57:55','Pasta'),(114,'D39','pasta shrimp campesina ','2016-07-21 16:58:53','2016-07-21 16:58:53','Pasta'),(115,'F1','risotto al forno','2016-07-21 16:59:25','2016-07-21 16:59:25','Risotto'),(116,'F2','risotto funghi e zaffrano','2016-07-21 16:59:51','2016-07-21 16:59:51','Risotto'),(117,'F3','risotto funghi porcini','2016-07-21 17:00:12','2016-07-21 17:00:12','Risotto'),(118,'F4','risotto quattro formaggi','2016-07-21 17:00:48','2016-07-21 17:00:48','Risotto'),(119,'F5','risotto al salsa ','2016-07-21 17:01:11','2016-07-21 17:01:11','Risotto'),(120,'F6','risotto di pesto','2016-07-21 17:01:35','2016-07-21 17:01:35','Risotto'),(121,'F9','risotto panna piccante','2016-07-21 17:02:11','2016-07-21 17:02:11','Risotto'),(122,'F7','risotto di pollo','2016-07-21 17:02:28','2016-07-21 17:02:28','Risotto'),(123,'F8','risotto alla campesina ','2016-07-21 17:02:53','2016-07-21 17:02:53','Risotto'),(124,'F10','risotto di spinaci e pollo','2016-07-21 17:03:22','2016-07-21 17:03:22','Risotto'),(125,'F11','risotto fruitti di mare','2016-07-21 17:04:04','2016-07-21 17:04:04','Risotto'),(126,'L2','pollo panna e funghi','2016-07-21 17:04:30','2016-07-21 17:04:30','Secondi'),(127,'L3','pollo cacciatore','2016-07-21 17:04:58','2016-07-21 17:04:58','Secondi'),(128,'L4','pollo alla raganello','2016-07-21 17:05:18','2016-07-21 17:05:18','Secondi'),(129,'L5','panna e pesci','2016-07-21 17:05:39','2016-07-21 17:05:39','Secondi'),(130,'L6','pesci nepoletana','2016-07-21 17:06:07','2016-07-21 17:06:07','Secondi'),(131,'L7','pollo grigliata','2016-07-21 17:06:28','2016-07-21 17:06:28','Secondi'),(132,'L8','pesci grigliata','2016-07-21 17:06:45','2016-07-21 17:06:45','Secondi'),(133,'G1','paolas tiramisu','2016-07-21 17:07:58','2016-07-21 17:07:58','Desserts'),(134,'G2','the bomb','2016-07-21 17:08:09','2016-07-21 17:08:09','Desserts'),(135,'G3','sizzling brownie','2016-07-21 17:08:38','2016-07-21 17:08:38','Desserts'),(136,'G4','no-bake blueberry cheesecake ','2016-07-21 17:09:19','2016-07-21 17:09:19','Desserts'),(137,'G5','panna cotta','2016-07-21 17:09:44','2016-07-21 17:09:44','Desserts'),(138,'D17','pasta teramo','2016-07-21 17:18:17','2016-07-21 17:18:17','Pasta'),(139,'D18','pasta al forno','2016-07-21 17:18:34','2016-07-21 17:18:34','Pasta'),(140,'P31','pizza sicilia alla pollo','2016-07-21 17:21:03','2016-07-21 17:21:03','Pizza'),(141,'P44','pizza pollo tabasco','2016-07-21 17:21:25','2016-07-21 17:21:25','Pizza'),(142,'B7','insalata cesare di pollo','2016-07-21 17:25:01','2016-07-21 17:25:01','Salads'),(143,'D28','pasta pollo ai quattro formaggi  ','2016-07-21 17:26:09','2016-07-21 17:26:09','Pasta'),(144,'D30','pasta pollo al forno','2016-07-21 17:26:53','2016-07-21 17:26:53','Pasta'),(147,'','zappalicious','2016-07-24 13:14:48','2016-07-24 13:14:48','Mocktails'),(148,'','pinita colada','2016-07-24 13:15:03','2016-07-24 13:15:03','Mocktails'),(149,'','eye of the tiger','2016-07-24 13:15:21','2016-07-24 13:15:21','Mocktails'),(150,'','nojito','2016-07-24 13:16:35','2016-07-24 13:16:35','Mocktails'),(151,'','marilyn mongoose','2016-07-24 13:16:56','2016-07-24 13:16:56','Mocktails'),(152,'','lemon ice tea','2016-07-24 13:17:16','2016-07-24 13:17:16','Mocktails'),(153,'','peach ice tea','2016-07-24 13:17:28','2016-07-24 13:17:28','Mocktails'),(154,'','blackcurrant ice tea','2016-07-24 13:17:47','2016-07-24 13:17:47','Mocktails'),(155,'','fruit punch','2016-07-24 13:18:02','2016-07-24 13:18:02','Mocktails'),(156,'','strawberry lemonade','2016-07-24 13:18:44','2016-07-24 13:18:44','Mocktails'),(157,'','blue curacao lemonade','2016-07-24 13:19:08','2016-07-24 13:19:08','Mocktails'),(158,'','green apple lemonade','2016-07-24 13:19:22','2016-07-24 13:19:22','Mocktails'),(159,'','barking dog','2016-07-24 13:19:42','2016-07-24 13:19:42','Mocktails'),(160,'','smooth operator','2016-07-24 13:20:09','2016-07-24 13:20:09','Mocktails'),(161,'','caffeine berg','2016-07-24 13:20:26','2016-07-24 13:20:26','Mocktails'),(162,'','green tea','2016-07-24 13:20:37','2016-07-24 13:24:30','Drinks'),(163,'','espresso','2016-07-24 13:20:51','2016-07-24 13:26:40','Drinks'),(164,'','cappuccino','2016-07-24 13:21:12','2016-07-24 13:21:53','Drinks'),(165,'','fresh lemon soda','2016-07-24 13:21:39','2016-07-24 13:22:06','Drinks'),(166,'','fresh lemon water','2016-07-24 13:21:55','2016-07-24 13:22:15','Drinks'),(167,'','canned juice','2016-07-24 13:22:36','2016-07-24 13:24:40','Drinks'),(168,'','bottled water','2016-07-24 13:22:53','2016-07-24 13:24:50','Drinks'),(169,'','coke','2016-07-24 13:29:07','2016-07-24 13:41:03','Drinks'),(170,'','sprite','2016-07-24 13:29:14','2016-07-24 13:41:14','Drinks'),(171,'','soda','2016-07-24 13:29:21','2016-07-24 13:43:55','Drinks'),(172,'','thums up','2016-07-24 13:29:29','2016-07-24 13:44:15','Drinks'),(173,'','diet coke','2016-07-24 13:29:57','2016-07-24 13:44:33','Drinks'),(174,'','coke zero','2016-07-24 13:30:07','2016-07-24 13:45:00','Drinks'),(175,'','red bull','2016-07-24 13:30:16','2016-07-24 13:46:21','Drinks'),(176,'','latte','2016-07-24 13:32:35','2016-07-24 13:46:28','Drinks'),(177,'','milkshake','2016-07-24 13:33:08','2016-07-24 13:45:26','Mocktails'),(178,'','mongolian rice chicken','2016-07-24 13:34:30','2016-07-24 14:11:37','Specials'),(179,'','mongolian rice veg','2016-07-24 13:34:45','2016-07-24 14:11:45','Specials'),(180,'','mongolian rice lamb','2016-07-24 13:34:57','2016-07-24 14:11:54','Specials'),(181,'','cheese nachos','2016-07-24 13:35:28','2016-07-24 14:10:12','Mexican'),(182,'','chicken nachos','2016-07-24 13:35:45','2016-07-24 14:08:34','Mexican'),(183,'','beans nachos','2016-07-24 13:36:10','2016-07-24 14:08:14','Mexican'),(184,'P27','pizza umbra','2016-07-24 14:06:00','2016-07-24 14:06:00','Pizza'),(185,'P26','Piemonte','2016-07-24 14:06:15','2016-07-24 14:06:15','Pizza'),(186,'','chicken parmigiana','2016-07-24 14:13:06','2016-07-24 14:13:06','Specials'),(187,'','Plain water','2016-08-18 02:05:02','2016-08-18 03:06:13','');
/*!40000 ALTER TABLE `products` ENABLE KEYS */;
UNLOCK TABLES;

--
-- Table structure for table `role_user`
--

DROP TABLE IF EXISTS `role_user`;
/*!40101 SET @saved_cs_client     = @@character_set_client */;
/*!40101 SET character_set_client = utf8 */;
CREATE TABLE `role_user` (
  `id` int(10) unsigned NOT NULL AUTO_INCREMENT,
  `user_id` int(10) unsigned NOT NULL,
  `role_id` int(10) unsigned NOT NULL,
  `created_at` timestamp NULL DEFAULT NULL,
  `updated_at` timestamp NULL DEFAULT NULL,
  PRIMARY KEY (`id`)
) ENGINE=InnoDB AUTO_INCREMENT=4 DEFAULT CHARSET=utf8 COLLATE=utf8_unicode_ci;
/*!40101 SET character_set_client = @saved_cs_client */;

--
-- Dumping data for table `role_user`
--

LOCK TABLES `role_user` WRITE;
/*!40000 ALTER TABLE `role_user` DISABLE KEYS */;
INSERT INTO `role_user` VALUES (1,1,1,'2016-08-31 03:42:14','2016-08-31 03:42:14'),(2,2,2,'2016-08-31 03:42:15','2016-08-31 03:42:15'),(3,3,2,'2016-08-31 03:42:15','2016-08-31 03:42:15');
/*!40000 ALTER TABLE `role_user` ENABLE KEYS */;
UNLOCK TABLES;

--
-- Table structure for table `roles`
--

DROP TABLE IF EXISTS `roles`;
/*!40101 SET @saved_cs_client     = @@character_set_client */;
/*!40101 SET character_set_client = utf8 */;
CREATE TABLE `roles` (
  `id` int(10) unsigned NOT NULL AUTO_INCREMENT,
  `role_slug` varchar(50) COLLATE utf8_unicode_ci NOT NULL,
  `role_human` varchar(255) COLLATE utf8_unicode_ci DEFAULT NULL,
  `role_description` varchar(255) COLLATE utf8_unicode_ci DEFAULT NULL,
  `active` tinyint(1) NOT NULL DEFAULT '1',
  `created_at` timestamp NULL DEFAULT NULL,
  `updated_at` timestamp NULL DEFAULT NULL,
  PRIMARY KEY (`id`),
  UNIQUE KEY `roles_role_slug_unique` (`role_slug`)
) ENGINE=InnoDB AUTO_INCREMENT=3 DEFAULT CHARSET=utf8 COLLATE=utf8_unicode_ci;
/*!40101 SET character_set_client = @saved_cs_client */;

--
-- Dumping data for table `roles`
--

LOCK TABLES `roles` WRITE;
/*!40000 ALTER TABLE `roles` DISABLE KEYS */;
INSERT INTO `roles` VALUES (1,'admin','Administrator','Administrator',1,'2016-08-31 00:53:24','2016-08-31 00:53:24'),(2,'accountant','Accountant','Can create and view bills',1,'2016-08-31 00:53:24','2016-08-31 00:53:24');
/*!40000 ALTER TABLE `roles` ENABLE KEYS */;
UNLOCK TABLES;

--
-- Table structure for table `users`
--

DROP TABLE IF EXISTS `users`;
/*!40101 SET @saved_cs_client     = @@character_set_client */;
/*!40101 SET character_set_client = utf8 */;
CREATE TABLE `users` (
  `id` int(10) unsigned NOT NULL AUTO_INCREMENT,
  `name` varchar(255) COLLATE utf8_unicode_ci NOT NULL,
  `email` varchar(255) COLLATE utf8_unicode_ci NOT NULL,
  `password` varchar(255) COLLATE utf8_unicode_ci NOT NULL,
  `remember_token` varchar(100) COLLATE utf8_unicode_ci DEFAULT NULL,
  `created_at` timestamp NULL DEFAULT NULL,
  `updated_at` timestamp NULL DEFAULT NULL,
  PRIMARY KEY (`id`),
  UNIQUE KEY `users_email_unique` (`email`)
) ENGINE=InnoDB AUTO_INCREMENT=4 DEFAULT CHARSET=utf8 COLLATE=utf8_unicode_ci;
/*!40101 SET character_set_client = @saved_cs_client */;

--
-- Dumping data for table `users`
--

LOCK TABLES `users` WRITE;
/*!40000 ALTER TABLE `users` DISABLE KEYS */;
INSERT INTO `users` VALUES (1,'fsm.admin','admin@fsm.in','$2y$10$8U2GzXzKjIk.o54XOboq1OGAfMCPLdxxqLryn6w7nIqD0c6VyljCq','kJjkfNN1mbjs6amvYB6vVqM2JcTVkz1C7E8QAyWRSFvrAyNO8jZRCp2OtF2I','2016-08-31 03:40:12','2016-09-15 10:38:34'),(2,'jubilee.accountant','jubilee@fsm.in','$2y$10$ZPO/fjyMFrBrxIYZaADgx.jzGiF9./inFm0zjXuI2TQ91dfKgEnHy','4tTgsRX9m9lvgc2hIsHVcNeASahQzf6WH9fxTvc4lBTcaVX4iynfRl4XR8F2','2016-08-31 03:40:12','2016-08-31 05:19:14'),(3,'banjara.accountant','banjara@fsm.in','$2y$10$RB7iSKdQSmKAjbRLBnZ/luc0wnQIdK43jfjPxQlvwpuT4ctcdRG4G','crdCwJLGVgwfGy83A7WPWl757D1uhVFXcCIJ1RXaaMu8qiw9LBy9UA6lpAUx','2016-08-31 03:40:12','2016-08-31 05:17:07');
/*!40000 ALTER TABLE `users` ENABLE KEYS */;
UNLOCK TABLES;
/*!40103 SET TIME_ZONE=@OLD_TIME_ZONE */;

/*!40101 SET SQL_MODE=@OLD_SQL_MODE */;
/*!40014 SET FOREIGN_KEY_CHECKS=@OLD_FOREIGN_KEY_CHECKS */;
/*!40014 SET UNIQUE_CHECKS=@OLD_UNIQUE_CHECKS */;
/*!40101 SET CHARACTER_SET_CLIENT=@OLD_CHARACTER_SET_CLIENT */;
/*!40101 SET CHARACTER_SET_RESULTS=@OLD_CHARACTER_SET_RESULTS */;
/*!40101 SET COLLATION_CONNECTION=@OLD_COLLATION_CONNECTION */;
/*!40111 SET SQL_NOTES=@OLD_SQL_NOTES */;

-- Dump completed on 2016-09-16 13:30:51
